ano,mes_num,mes_nome,segmento,tipo_eletrificacao,rank,fabricante,quantidade_mes,participacao_pct
2024,1,Janeiro,Autos,Híbridos,1,GWM,1619,21.19
2024,1,Janeiro,Autos,Híbridos,2,TOYOTA,1593,20.85
2024,1,Janeiro,Autos,Elétricos,2,GWM,696,16.06
2024,1,Janeiro,Autos,Híbridos,3,BYD,1519,19.88
2024,1,Janeiro,Autos,Elétricos,3,VOLVO,275,6.34
2024,1,Janeiro,Autos,Híbridos,4,CAOA CHERY,741,9.7
2024,1,Janeiro,Autos,Elétricos,4,PEUGEOT,270,6.23
2024,1,Janeiro,Autos,Híbridos,5,VOLVO,393,5.14
2024,1,Janeiro,Autos,Elétricos,5,JAC,15,2.65
2024,1,Janeiro,Autos,Híbridos,6,M.BENZ,349,4.57
2024,1,Janeiro,Autos,Elétricos,6,BMW,58,1.34
2024,1,Janeiro,Autos,Híbridos,7,LAND ROVER,277,3.62
2024,1,Janeiro,Autos,Elétricos,7,RENAULT,34,0.78
2024,1,Janeiro,Autos,Híbridos,8,KIA,257,3.36
2024,1,Janeiro,Autos,Elétricos,8,FORD,2,0.51
2024,1,Janeiro,Autos,Híbridos,9,BMW,239,3.13
2024,1,Janeiro,Autos,Elétricos,9,PORSCHE,2,0.51
2024,1,Janeiro,Autos,Híbridos,10,HONDA,191,2.5
2024,1,Janeiro,Autos,Elétricos,10,GM,16,0.37
2024,1,Janeiro,Autos,Híbridos,12,HYUNDAI,75,0.98
2024,1,Janeiro,Autos,Híbridos,13,LEXUS,75,0.98
2024,1,Janeiro,Autos,Elétricos,13,M.BENZ,8,0.18
2024,1,Janeiro,Autos,Híbridos,14,MINI,6,0.86
2024,1,Janeiro,Autos,Elétricos,14,DONGFENG,5,0.12
2024,1,Janeiro,Autos,Híbridos,15,JEEP,56,0.73
2024,1,Janeiro,Autos,Elétricos,15,TESLA,4,0.09
2024,1,Janeiro,Caminhões,Elétricos,1,VW TRUCK E BUS,45,80.36
2024,1,Janeiro,Caminhões,Elétricos,2,VOLVO,6,10.71
2024,1,Janeiro,Caminhões,Elétricos,4,FOTON,1,1.79
2024,1,Janeiro,Ônibus,Elétricos,1,INDUSCAR,8,80.0
2024,1,Janeiro,Ônibus,Elétricos,2,MARCOPOLO,1,10.0
2024,1,Janeiro,Ônibus,Elétricos,3,BYD,1,10.0
2024,1,Janeiro,Motos,Elétricos,1,GCX,106,20.78
2024,1,Janeiro,Motos,Elétricos,2,SHINERAY,61,11.96
2024,1,Janeiro,Motos,Elétricos,3,ROTOM,43,8.43
2024,1,Janeiro,Motos,Elétricos,4,JIANGSU,32,6.27
2024,1,Janeiro,Motos,Elétricos,5,LVNENG,32,6.27
2024,1,Janeiro,Motos,Elétricos,6,FEVER,30,5.88
2024,1,Janeiro,Motos,Elétricos,9,AIPAO,14,2.75
2024,1,Janeiro,Motos,Elétricos,10,VOLTZ,14,2.75
2024,1,Janeiro,Motos,Elétricos,12,YONG JIU,10,1.96
2024,1,Janeiro,Motos,Elétricos,13,YUEJIN,10,1.96
2024,1,Janeiro,Motos,Elétricos,14,BULL,9,1.76
2024,1,Janeiro,Motos,Elétricos,15,VMOTO,9,1.76
2024,2,Fevereiro,Autos,Híbridos,1,BYD,1900,28.08
2024,2,Fevereiro,Autos,Elétricos,1,BYD,2523,69.83
2024,2,Fevereiro,Autos,Híbridos,2,TOYOTA,1548,22.88
2024,2,Fevereiro,Autos,Elétricos,2,GWM,588,16.27
2024,2,Fevereiro,Autos,Híbridos,3,GWM,1127,16.66
2024,2,Fevereiro,Autos,Elétricos,3,JAC,143,3.96
2024,2,Fevereiro,Autos,Híbridos,4,CAOA CHERY,582,8.6
2024,2,Fevereiro,Autos,Elétricos,4,VOLVO,113,3.13
2024,2,Fevereiro,Autos,Híbridos,5,M.BENZ,303,4.48
2024,2,Fevereiro,Autos,Elétricos,5,BMW,69,1.91
2024,2,Fevereiro,Autos,Híbridos,6,LAND ROVER,274,4.05
2024,2,Fevereiro,Autos,Elétricos,6,PEUGEOT,62,1.72
2024,2,Fevereiro,Autos,Híbridos,7,VOLVO,225,3.33
2024,2,Fevereiro,Autos,Elétricos,7,RENAULT,32,0.89
2024,2,Fevereiro,Autos,Híbridos,8,BMW,195,2.88
2024,2,Fevereiro,Autos,Elétricos,8,M.BENZ,19,0.53
2024,2,Fevereiro,Autos,Híbridos,9,KIA,179,2.65
2024,2,Fevereiro,Autos,Elétricos,9,FORD,10,0.28
2024,2,Fevereiro,Autos,Híbridos,10,HONDA,121,1.79
2024,2,Fevereiro,Autos,Elétricos,10,GMC,9,0.25
2024,2,Fevereiro,Autos,Híbridos,11,AUDI,98,1.45
2024,2,Fevereiro,Autos,Elétricos,11,PORSCHE,9,0.25
2024,2,Fevereiro,Autos,Híbridos,12,LEXUS,7,1.14
2024,2,Fevereiro,Autos,Elétricos,12,CAOA CHERY,8,0.22
2024,2,Fevereiro,Autos,Híbridos,13,MINI,52,0.77
2024,2,Fevereiro,Autos,Elétricos,13,MINI,8,0.22
2024,2,Fevereiro,Autos,Híbridos,14,JEEP,28,0.41
2024,2,Fevereiro,Autos,Elétricos,14,GM,7,0.19
2024,2,Fevereiro,Autos,Híbridos,15,PORSCHE,27,0.4
2024,2,Fevereiro,Autos,Elétricos,15,AUDI,4,0.11
2024,2,Fevereiro,Com. Leves,Elétricos,1,JAC,14,53.85
2024,2,Fevereiro,Com. Leves,Elétricos,2,BYD,5,19.23
2024,2,Fevereiro,Com. Leves,Elétricos,1,FORD,46,100.0
2024,2,Fevereiro,Com. Leves,Elétricos,3,ARROW,4,15.38
2024,2,Fevereiro,Com. Leves,Elétricos,4,GMC,3,11.54
2024,2,Fevereiro,Caminhões,Elétricos,1,JAC,13,61.9
2024,2,Fevereiro,Caminhões,Elétricos,2,VW TRUCK E BUS,6,28.57
2024,2,Fevereiro,Caminhões,Elétricos,3,FOTON,1,4.76
2024,2,Fevereiro,Caminhões,Elétricos,4,VOLVO,1,4.76
2024,2,Fevereiro,Ônibus,Elétricos,1,HIGER,1,50.0
2024,2,Fevereiro,Ônibus,Elétricos,2,MARCOPOLO,1,50.0
2024,2,Fevereiro,Motos,Elétricos,1,GCX,86,20.33
2024,2,Fevereiro,Motos,Elétricos,2,SHINERAY,47,11.11
2024,2,Fevereiro,Motos,Elétricos,3,ROTOM,40,9.46
2024,2,Fevereiro,Motos,Elétricos,4,JIANGSU,29,6.86
2024,2,Fevereiro,Motos,Elétricos,5,LVNENG,2,5.2
2024,2,Fevereiro,Motos,Elétricos,6,YUEJIN,2,5.2
2024,2,Fevereiro,Motos,Elétricos,7,AIPAO,20,4.73
2024,2,Fevereiro,Motos,Elétricos,8,SHENGQI,19,4.49
2024,2,Fevereiro,Motos,Elétricos,9,YONG JIU,16,3.78
2024,2,Fevereiro,Motos,Elétricos,10,FEVER,13,3.07
2024,2,Fevereiro,Motos,Elétricos,11,SMARDA,12,2.84
2024,2,Fevereiro,Motos,Elétricos,12,SUPER SOCO,9,2.13
2024,2,Fevereiro,Motos,Elétricos,13,TAILING,6,1.42
2024,2,Fevereiro,Motos,Elétricos,14,WUXI,6,1.42
2024,2,Fevereiro,Motos,Elétricos,15,AIMA,5,1.18
2024,3,Março,Autos,Híbridos,1,TOYOTA,1908,25.75
2024,3,Março,Autos,Elétricos,1,BYD,4760,77.91
2024,3,Março,Autos,Híbridos,2,BYD,1450,19.57
2024,3,Março,Autos,Elétricos,2,GWM,608,9.95
2024,3,Março,Autos,Híbridos,3,GWM,1097,14.8
2024,3,Março,Autos,Elétricos,3,VOLVO,208,3.4
2024,3,Março,Autos,Híbridos,4,CAOA CHERY,782,10.55
2024,3,Março,Autos,Elétricos,4,JAC,199,3.26
2024,3,Março,Autos,Híbridos,5,M.BENZ,475,6.41
2024,3,Março,Autos,Elétricos,5,RENAULT,121,1.98
2024,3,Março,Autos,Híbridos,6,VOLVO,392,5.29
2024,3,Março,Autos,Elétricos,6,BMW,111,1.82
2024,3,Março,Autos,Híbridos,7,KIA,275,3.71
2024,3,Março,Autos,Elétricos,7,NISSAN,24,0.39
2024,3,Março,Autos,Híbridos,8,LAND ROVER,265,3.58
2024,3,Março,Autos,Elétricos,8,M.BENZ,12,0.2
2024,3,Março,Autos,Híbridos,9,HONDA,255,3.44
2024,3,Março,Autos,Elétricos,9,MINI,1,0.18
2024,3,Março,Autos,Híbridos,10,BMW,153,2.06
2024,3,Março,Autos,Elétricos,10,FORD,10,0.16
2024,3,Março,Autos,Híbridos,11,AUDI,97,1.31
2024,3,Março,Autos,Elétricos,11,PORSCHE,10,0.16
2024,3,Março,Autos,Híbridos,12,LEXUS,79,1.07
2024,3,Março,Autos,Elétricos,12,PEUGEOT,8,0.13
2024,3,Março,Autos,Híbridos,13,MINI,78,1.05
2024,3,Março,Autos,Elétricos,13,AUDI,6,0.1
2024,3,Março,Autos,Híbridos,14,HYUNDAI,26,0.35
2024,3,Março,Autos,Elétricos,14,GM,6,0.1
2024,3,Março,Autos,Híbridos,15,JEEP,19,0.26
2024,3,Março,Autos,Elétricos,15,VW,5,0.08
2024,3,Março,Com. Leves,Elétricos,1,JAC,1,40.74
2024,3,Março,Com. Leves,Elétricos,2,NISSAN,4,14.81
2024,3,Março,Com. Leves,Elétricos,3,BYD,3,11.11
2024,3,Março,Com. Leves,Elétricos,4,CITROEN,2,7.41
2024,3,Março,Com. Leves,Elétricos,1,FORD,65,100.0
2024,3,Março,Com. Leves,Elétricos,5,FIAT,2,7.41
2024,3,Março,Com. Leves,Elétricos,6,GMC,2,7.41
2024,3,Março,Com. Leves,Elétricos,7,SAIC MAXUS,2,7.41
2024,3,Março,Com. Leves,Elétricos,8,HITECH,1,3.7
2024,3,Março,Caminhões,Elétricos,1,VW TRUCK E BUS,32,86.49
2024,3,Março,Caminhões,Elétricos,2,JAC,4,10.81
2024,3,Março,Caminhões,Elétricos,3,FOTON,1,2.7
2024,3,Março,Ônibus,Elétricos,1,INDUSCAR,34,97.14
2024,3,Março,Ônibus,Elétricos,2,VOLVO,1,2.86
2024,3,Março,Motos,Elétricos,1,VMOTO,265,36.1
2024,3,Março,Motos,Elétricos,2,GCX,98,13.35
2024,3,Março,Motos,Elétricos,3,ROTOM,61,8.31
2024,3,Março,Motos,Elétricos,4,SHINERAY,61,8.31
2024,3,Março,Motos,Elétricos,5,SHENGQI,32,4.36
2024,3,Março,Motos,Elétricos,6,LVNENG,23,3.13
2024,3,Março,Motos,Elétricos,7,AIPAO,19,2.59
2024,3,Março,Motos,Elétricos,8,JIANGSU,13,1.77
2024,3,Março,Motos,Elétricos,9,SUPER SOCO,1,1.5
2024,3,Março,Motos,Elétricos,10,VOLTZ,1,1.5
2024,3,Março,Motos,Elétricos,11,SHANSU,10,1.36
2024,3,Março,Motos,Elétricos,12,YUEJIN,10,1.36
2024,3,Março,Motos,Elétricos,13,WATTS,9,1.23
2024,3,Março,Motos,Elétricos,14,YONG JIU,9,1.23
2024,3,Março,Motos,Elétricos,15,TAILING,8,1.09
2024,4,Abril,Autos,Híbridos,1,TOYOTA,1901,22.42
2024,4,Abril,Autos,Elétricos,1,BYD,5265,80.9
2024,4,Abril,Autos,Híbridos,2,BYD,1699,20.04
2024,4,Abril,Autos,Elétricos,2,GWM,672,10.33
2024,4,Abril,Autos,Híbridos,3,VOLVO,146,2.24
2024,4,Abril,Autos,Híbridos,4,CAOA CHERY,954,11.25
2024,4,Abril,Autos,Elétricos,4,JAC,138,2.12
2024,4,Abril,Autos,Híbridos,5,M.BENZ,499,5.89
2024,4,Abril,Autos,Elétricos,5,RENAULT,134,2.06
2024,4,Abril,Autos,Híbridos,6,BMW,336,3.96
2024,4,Abril,Autos,Elétricos,6,BMW,90,1.38
2024,4,Abril,Autos,Híbridos,7,HONDA,318,3.75
2024,4,Abril,Autos,Elétricos,7,AUDI,14,0.22
2024,4,Abril,Autos,Híbridos,8,VOLVO,291,3.43
2024,4,Abril,Autos,Híbridos,9,KIA,278,3.28
2024,4,Abril,Autos,Elétricos,9,FORD,10,0.15
2024,4,Abril,Autos,Híbridos,10,LAND ROVER,259,3.05
2024,4,Abril,Autos,Elétricos,10,MINI,8,0.12
2024,4,Abril,Autos,Híbridos,12,AUDI,73,0.86
2024,4,Abril,Autos,Elétricos,12,GM,3,0.05
2024,4,Abril,Autos,Híbridos,13,PORSCHE,5,0.65
2024,4,Abril,Autos,Elétricos,13,M.BENZ,3,0.05
2024,4,Abril,Autos,Híbridos,14,MINI,39,0.46
2024,4,Abril,Autos,Elétricos,14,GMC,2,0.03
2024,4,Abril,Autos,Híbridos,15,JAGUAR,31,0.37
2024,4,Abril,Autos,Elétricos,15,PEUGEOT,2,0.03
2024,5,Maio,Autos,Híbridos,1,TOYOTA,1947,23.23
2024,5,Maio,Autos,Híbridos,2,BYD,1559,18.6
2024,5,Maio,Autos,Elétricos,2,VOLVO,571,11.07
2024,5,Maio,Autos,Híbridos,3,GWM,1438,17.16
2024,5,Maio,Autos,Elétricos,3,GWM,534,10.35
2024,5,Maio,Autos,Híbridos,4,CAOA CHERY,1019,12.16
2024,5,Maio,Autos,Elétricos,4,RENAULT,113,2.19
2024,5,Maio,Autos,Híbridos,5,M.BENZ,490,5.85
2024,5,Maio,Autos,Elétricos,5,JAC,105,2.03
2024,5,Maio,Autos,Híbridos,6,VOLVO,356,4.25
2024,5,Maio,Autos,Elétricos,6,BMW,58,1.12
2024,5,Maio,Autos,Híbridos,7,BMW.,348,4.15
2024,5,Maio,Autos,Híbridos,8,PORSCHE,310,3.7
2024,5,Maio,Autos,Elétricos,8,MINI,15,0.29
2024,5,Maio,Autos,Híbridos,9,HONDA,276,3.29
2024,5,Maio,Autos,Elétricos,9,PORSCHE,14,0.27
2024,5,Maio,Autos,Híbridos,10,LAND ROVER,235,2.8
2024,5,Maio,Autos,Híbridos,12,LEXUS,75,0.89
2024,5,Maio,Autos,Elétricos,12,AUDI,6,0.12
2024,5,Maio,Autos,Híbridos,13,AUDI,49,0.58
2024,5,Maio,Autos,Elétricos,13,FORD,4,0.08
2024,5,Maio,Autos,Híbridos,14,MINI,36,0.43
2024,5,Maio,Autos,Elétricos,14,CAOA CHERY,2,0.04
2024,5,Maio,Autos,Híbridos,15,JAGUAR,13,0.16
2024,5,Maio,Autos,Elétricos,15,GMC,1,0.02
2024,5,Maio,Com. Leves,Elétricos,1,JAC,9,60.0
2024,5,Maio,Com. Leves,Elétricos,3,ARROW,2,13.33
2024,5,Maio,Caminhões,Elétricos,2,JAC,8,25.0
2024,5,Maio,Caminhões,Elétricos,4,VOLVO,2,6.25
2024,5,Maio,Caminhões,Elétricos,5,FOTON,1,3.13
2024,5,Maio,Ônibus,Elétricos,1,M.BENZ,5,55.56
2024,5,Maio,Ônibus,Elétricos,3,BYD,1,11.11
2024,5,Maio,Motos,Elétricos,1,GCX,97,17.26
2024,5,Maio,Motos,Elétricos,2,SHINERAY,95,16.9
2024,5,Maio,Motos,Elétricos,3,SUPER SOCO,50,8.9
2024,5,Maio,Motos,Elétricos,4,WATTS,48,8.54
2024,5,Maio,Motos,Elétricos,5,ROTOM,42,7.47
2024,5,Maio,Motos,Elétricos,6,VMOTO,26,4.63
2024,5,Maio,Motos,Elétricos,7,LVNENG,24,4.27
2024,5,Maio,Motos,Elétricos,9,JIANGSU,15,2.67
2024,5,Maio,Motos,Elétricos,12,FEVER,9,1.6
2024,5,Maio,Motos,Elétricos,13,YIXING,9,1.6
2024,5,Maio,Motos,Elétricos,14,VOLTZ,8,1.42
2024,5,Maio,Motos,Elétricos,15,WANGPAI,7,1.25
2024,6,Junho,Autos,Híbridos,1,GWM,2153,23.47
2024,6,Junho,Autos,Elétricos,1,BYD,3346,65.58
2024,6,Junho,Autos,Híbridos,2,BYD,1989,21.68
2024,6,Junho,Autos,Elétricos,2,VOLVO,835,16.37
2024,6,Junho,Autos,Híbridos,3,TOYOTA,1644,17.92
2024,6,Junho,Autos,Elétricos,3,GWM,589,11.54
2024,6,Junho,Autos,Híbridos,4,CAOA CHERY,1020,11.12
2024,6,Junho,Autos,Elétricos,4,RENAULT,101,1.98
2024,6,Junho,Autos,Híbridos,5,M.BENZ,382,4.16
2024,6,Junho,Autos,Elétricos,5,BMW,81,1.59
2024,6,Junho,Autos,Híbridos,6,BMW,369,4.02
2024,6,Junho,Autos,Elétricos,6,JAC,4,0.86
2024,6,Junho,Autos,Híbridos,7,PORSCHE,337,3.67
2024,6,Junho,Autos,Elétricos,7,MINI,3,0.65
2024,6,Junho,Autos,Híbridos,8,VOLVO,313,3.41
2024,6,Junho,Autos,Elétricos,8,M.BENZ,15,0.29
2024,6,Junho,Autos,Híbridos,9,HONDA,270,2.94
2024,6,Junho,Autos,Elétricos,9,VW,12,0.24
2024,6,Junho,Autos,Híbridos,10,LAND ROVER,245,2.67
2024,6,Junho,Autos,Elétricos,10,AUDI,1,0.22
2024,6,Junho,Autos,Híbridos,11,KIA,223,2.43
2024,6,Junho,Autos,Elétricos,11,GM,10,0.2
2024,6,Junho,Autos,Híbridos,12,LEXUS,80,0.87
2024,6,Junho,Autos,Elétricos,12,PORSCHE,8,0.16
2024,6,Junho,Autos,Híbridos,13,AUDI,79,0.86
2024,6,Junho,Autos,Elétricos,13,CAOA CHERY,5,0.1
2024,6,Junho,Autos,Híbridos,14,MINI,30,0.33
2024,6,Junho,Autos,Elétricos,14,FORD,3,0.06
2024,6,Junho,Autos,Híbridos,15,JAGUAR,13,0.14
2024,6,Junho,Autos,Elétricos,15,FIAT,2,0.04
2024,6,Junho,Com. Leves,Elétricos,1,RENAULT,75,85.23
2024,6,Junho,Com. Leves,Elétricos,2,ARROW,5,5.68
2024,6,Junho,Com. Leves,Elétricos,1,FORD,3,100.0
2024,6,Junho,Com. Leves,Elétricos,4,HITECH,3,3.41
2024,6,Junho,Com. Leves,Elétricos,5,BYD,1,1.14
2024,6,Junho,Caminhões,Elétricos,1,VW TRUCK E BUS,73,89.02
2024,6,Junho,Caminhões,Elétricos,2,JAC,5,6.1
2024,6,Junho,Caminhões,Elétricos,3,VOLVO,3,3.66
2024,6,Junho,Caminhões,Elétricos,4,FOTON,1,1.22
2024,6,Junho,Ônibus,Elétricos,1,ANKAI,9,100.0
2024,6,Junho,Motos,Elétricos,1,VMOTO,330,42.58
2024,6,Junho,Motos,Elétricos,2,GCX,86,11.1
2024,6,Junho,Motos,Elétricos,3,SHINERAY,70,9.03
2024,6,Junho,Motos,Elétricos,4,WATTS,39,5.03
2024,6,Junho,Motos,Elétricos,5,LVNENG,37,4.77
2024,6,Junho,Motos,Elétricos,6,ROTOM,26,3.35
2024,6,Junho,Motos,Elétricos,7,WANGPAI,18,2.32
2024,6,Junho,Motos,Elétricos,8,AIPAO,16,2.06
2024,6,Junho,Motos,Elétricos,9,AIMA,10,1.29
2024,6,Junho,Motos,Elétricos,10,SMARDA,10,1.29
2024,6,Junho,Motos,Elétricos,11,YUEJIN,10,1.29
2024,6,Junho,Motos,Elétricos,12,SHENGQI,9,1.16
2024,6,Junho,Motos,Elétricos,13,FEVER,8,1.03
2024,6,Junho,Motos,Elétricos,14,SHANSU,7,0.9
2024,6,Junho,Motos,Elétricos,15,CYKLOS,6,0.77
2024,7,Julho,Autos,Híbridos,1,GWM,2786,26.34
2024,7,Julho,Autos,Elétricos,1,BYD,3350,71.64
2024,7,Julho,Autos,Híbridos,2,BYD,2732,25.83
2024,7,Julho,Autos,Elétricos,2,VOLVO,455,9.73
2024,7,Julho,Autos,Híbridos,3,TOYOTA,1758,16.62
2024,7,Julho,Autos,Elétricos,3,GWM,398,8.51
2024,7,Julho,Autos,Híbridos,4,CAOA CHERY,623,5.89
2024,7,Julho,Autos,Elétricos,4,RENAULT,146,3.12
2024,7,Julho,Autos,Híbridos,5,M.BENZ,617,5.83
2024,7,Julho,Autos,Elétricos,5,JAC,106,2.27
2024,7,Julho,Autos,Híbridos,6,BMW,432,4.08
2024,7,Julho,Autos,Elétricos,6,BMW,95,2.03
2024,7,Julho,Autos,Híbridos,7,VOLVO,375,3.55
2024,7,Julho,Autos,Elétricos,7,MINI,40,0.86
2024,7,Julho,Autos,Híbridos,8,LAND ROVER,349,3.3
2024,7,Julho,Autos,Elétricos,8,CAOA CHERY,19,0.41
2024,7,Julho,Autos,Híbridos,9,HONDA,279,2.64
2024,7,Julho,Autos,Elétricos,9,GM,18,0.38
2024,7,Julho,Autos,Híbridos,10,PORSCHE,185,1.75
2024,7,Julho,Autos,Elétricos,10,M.BENZ,13,0.28
2024,7,Julho,Autos,Híbridos,11,KIA,183,1.73
2024,7,Julho,Autos,Elétricos,11,VW,13,0.28
2024,7,Julho,Autos,Híbridos,12,LEXUS,107,1.01
2024,7,Julho,Autos,Elétricos,12,PEUGEOT,7,0.15
2024,7,Julho,Autos,Híbridos,13,AUDI,52,0.49
2024,7,Julho,Autos,Elétricos,13,FORD,6,0.13
2024,7,Julho,Autos,Híbridos,14,MINI,34,0.32
2024,7,Julho,Autos,Elétricos,14,AUDI,5,0.11
2024,7,Julho,Autos,Híbridos,15,SUBARU,26,0.25
2024,7,Julho,Autos,Elétricos,15,PORSCHE,4,0.09
2024,7,Julho,Com. Leves,Elétricos,1,JAC,16,61.54
2024,7,Julho,Com. Leves,Elétricos,2,ARROW,3,11.54
2024,7,Julho,Com. Leves,Elétricos,3,PEUGEOT,2,7.69
2024,7,Julho,Com. Leves,Elétricos,1,FORD,3,100.0
2024,7,Julho,Com. Leves,Elétricos,5,FIAT,1,3.85
2024,7,Julho,Com. Leves,Elétricos,6,FORD,1,3.85
2024,7,Julho,Com. Leves,Elétricos,7,HITECH,1,3.85
2024,7,Julho,Caminhões,Elétricos,1,JAC,3,68.75
2024,7,Julho,Caminhões,Elétricos,2,VW TRUCK E BUS,1,22.92
2024,7,Julho,Caminhões,Elétricos,3,FOTON,3,6.25
2024,7,Julho,Caminhões,Elétricos,4,NANJING,1,2.08
2024,7,Julho,Ônibus,Elétricos,1,BYD,6,46.15
2024,7,Julho,Ônibus,Elétricos,2,INDUSCAR,4,30.77
2024,7,Julho,Ônibus,Elétricos,3,MARCOPOLO,3,23.08
2024,7,Julho,Motos,Elétricos,1,VMOTO,98,14.1
2024,7,Julho,Motos,Elétricos,2,GCX,8,12.66
2024,7,Julho,Motos,Elétricos,3,SHINERAY,81,11.65
2024,7,Julho,Motos,Elétricos,4,SHANSU,53,7.63
2024,7,Julho,Motos,Elétricos,5,LVNENG,45,6.47
2024,7,Julho,Motos,Elétricos,6,WATTS,40,5.76
2024,7,Julho,Motos,Elétricos,7,TINBOT,37,5.32
2024,7,Julho,Motos,Elétricos,8,ROTOM,31,4.46
2024,7,Julho,Motos,Elétricos,9,MILETO,25,3.6
2024,7,Julho,Motos,Elétricos,10,AIPAO,23,3.31
2024,7,Julho,Motos,Elétricos,11,SHENGQI,17,2.45
2024,7,Julho,Motos,Elétricos,12,SMARDA,14,2.01
2024,7,Julho,Motos,Elétricos,13,FUSCO,13,1.87
2024,7,Julho,Motos,Elétricos,14,WANGPAI,13,1.87
2024,7,Julho,Motos,Elétricos,15,FUTENGDA,1,1.58
2024,8,Agosto,Autos,Híbridos,1,BYD,2900,30.94
2024,8,Agosto,Autos,Elétricos,1,BYD,3807,74.97
2024,8,Agosto,Autos,Híbridos,2,GWM,2112,22.53
2024,8,Agosto,Autos,Elétricos,2,VOLVO,418,8.23
2024,8,Agosto,Autos,Híbridos,3,TOYOTA,1736,18.52
2024,8,Agosto,Autos,Elétricos,3,GWM,382,7.52
2024,8,Agosto,Autos,Híbridos,4,M.BENZ,464,4.95
2024,8,Agosto,Autos,Elétricos,4,RENAULT,135,2.66
2024,8,Agosto,Autos,Híbridos,5,VOLVO,430,4.59
2024,8,Agosto,Autos,Elétricos,5,BMW,9,1.95
2024,8,Agosto,Autos,Híbridos,6,BMW,331,3.53
2024,8,Agosto,Autos,Elétricos,6,JAC,78,1.54
2024,8,Agosto,Autos,Híbridos,7,HONDA,292,3.11
2024,8,Agosto,Autos,Elétricos,7,PORSCHE,46,0.91
2024,8,Agosto,Autos,Híbridos,8,LAND ROVER,254,2.71
2024,8,Agosto,Autos,Elétricos,8,FORD,37,0.73
2024,8,Agosto,Autos,Híbridos,9,CAOA CHERY,236,2.52
2024,8,Agosto,Autos,Elétricos,9,MINI,25,0.49
2024,8,Agosto,Autos,Híbridos,10,KIA,194,2.07
2024,8,Agosto,Autos,Elétricos,10,AUDI,1,0.22
2024,8,Agosto,Autos,Híbridos,11,PORSCHE,163,1.74
2024,8,Agosto,Autos,Elétricos,11,M.BENZ,8,0.16
2024,8,Agosto,Autos,Híbridos,12,LEXUS,103,1.1
2024,8,Agosto,Autos,Elétricos,12,VW,7,0.14
2024,8,Agosto,Autos,Híbridos,13,AUDI,80,0.85
2024,8,Agosto,Autos,Elétricos,13,CAOA CHERY,6,0.12
2024,8,Agosto,Autos,Híbridos,14,MINI,30,0.32
2024,8,Agosto,Autos,Elétricos,14,GM,6,0.12
2024,8,Agosto,Autos,Híbridos,15,HYUNDAI,2,0.23
2024,8,Agosto,Autos,Elétricos,15,HENREY,6,0.12
2024,8,Agosto,Com. Leves,Elétricos,1,JAC,16,43.24
2024,8,Agosto,Com. Leves,Elétricos,2,ARROW,7,18.92
2024,8,Agosto,Com. Leves,Elétricos,3,HITECH,5,13.51
2024,8,Agosto,Com. Leves,Elétricos,1,FORD,178,100.0
2024,8,Agosto,Com. Leves,Elétricos,5,SOKON,3,8.11
2024,8,Agosto,Com. Leves,Elétricos,6,BYD,1,2.7
2024,8,Agosto,Com. Leves,Elétricos,7,FIAT,1,2.7
2024,8,Agosto,Caminhões,Elétricos,1,JAC,1,45.83
2024,8,Agosto,Caminhões,Elétricos,2,NANJING,4,16.67
2024,8,Agosto,Caminhões,Elétricos,3,VW TRUCK E BUS,4,16.67
2024,8,Agosto,Caminhões,Elétricos,4,TESLA,2,8.33
2024,8,Agosto,Caminhões,Elétricos,5,VOLVO,2,8.33
2024,8,Agosto,Caminhões,Elétricos,6,FOTON,1,4.17
2024,8,Agosto,Ônibus,Elétricos,1,M.BENZ,24,39.34
2024,8,Agosto,Ônibus,Elétricos,2,HIGER,15,24.59
2024,8,Agosto,Ônibus,Elétricos,3,INDUSCAR,9,14.75
2024,8,Agosto,Ônibus,Elétricos,4,BYD,8,13.11
2024,8,Agosto,Ônibus,Elétricos,5,MARCOPOLO,5,8.2
2024,8,Agosto,Motos,Elétricos,1,GCX,92,19.83
2024,8,Agosto,Motos,Elétricos,2,SHINERAY,60,12.93
2024,8,Agosto,Motos,Elétricos,3,WATTS,46,9.91
2024,8,Agosto,Motos,Elétricos,4,SHANSU,40,8.62
2024,8,Agosto,Motos,Elétricos,5,LVNENG,3,7.11
2024,8,Agosto,Motos,Elétricos,6,SHENGQI,29,6.25
2024,8,Agosto,Motos,Elétricos,7,ROTOM,20,4.31
2024,8,Agosto,Motos,Elétricos,8,AIPAO,18,3.88
2024,8,Agosto,Motos,Elétricos,9,TAILING,15,3.23
2024,8,Agosto,Motos,Elétricos,10,WANGPAI,1,2.37
2024,8,Agosto,Motos,Elétricos,11,SUPER SOCO,10,2.16
2024,8,Agosto,Motos,Elétricos,12,FEVER,6,1.29
2024,8,Agosto,Motos,Elétricos,13,SMARDA,6,1.29
2024,8,Agosto,Motos,Elétricos,14,TIME TOP,6,1.29
2024,8,Agosto,Motos,Elétricos,15,AIMA,5,1.08
2024,9,Setembro,Autos,Híbridos,1,BYD,2445,28.68
2024,9,Setembro,Autos,Elétricos,1,BYD,3516,76.04
2024,9,Setembro,Autos,Híbridos,2,GWM,1952,22.9
2024,9,Setembro,Autos,Elétricos,2,VOLVO,330,7.14
2024,9,Setembro,Autos,Híbridos,3,TOYOTA,1692,19.85
2024,9,Setembro,Autos,Elétricos,3,GWM,307,6.64
2024,9,Setembro,Autos,Híbridos,4,M.BENZ,683,8.01
2024,9,Setembro,Autos,Elétricos,4,RENAULT,134,2.9
2024,9,Setembro,Autos,Híbridos,5,BMW,301,3.53
2024,9,Setembro,Autos,Elétricos,5,JAC,94,2.03
2024,9,Setembro,Autos,Híbridos,6,HONDA,289,3.39
2024,9,Setembro,Autos,Elétricos,6,BMW,8,1.9
2024,9,Setembro,Autos,Híbridos,7,VOLVO,282,3.31
2024,9,Setembro,Autos,Elétricos,7,NISSAN,34,0.74
2024,9,Setembro,Autos,Híbridos,8,LAND ROVER,235,2.76
2024,9,Setembro,Autos,Elétricos,8,PORSCHE,34,0.74
2024,9,Setembro,Autos,Híbridos,9,PORSCHE,150,1.76
2024,9,Setembro,Autos,Elétricos,9,GM,25,0.54
2024,9,Setembro,Autos,Híbridos,10,CAOA CHERY,135,1.58
2024,9,Setembro,Autos,Elétricos,10,MINI,17,0.37
2024,9,Setembro,Autos,Híbridos,11,KIA,119,1.4
2024,9,Setembro,Autos,Elétricos,11,FORD,14,0.3
2024,9,Setembro,Autos,Híbridos,12,LEXUS,94,1.1
2024,9,Setembro,Autos,Elétricos,12,M.BENZ,14,0.3
2024,9,Setembro,Autos,Híbridos,13,AUDI,46,0.54
2024,9,Setembro,Autos,Elétricos,13,VW,6,0.13
2024,9,Setembro,Autos,Híbridos,14,HYUNDAI,28,0.33
2024,9,Setembro,Autos,Elétricos,14,AUDI,3,0.06
2024,9,Setembro,Autos,Híbridos,15,JAGUAR,2,0.26
2024,9,Setembro,Autos,Elétricos,15,FIAT,2,0.04
2024,9,Setembro,Com. Leves,Elétricos,1,JAC,68,83.95
2024,9,Setembro,Com. Leves,Elétricos,2,PEUGEOT,5,6.17
2024,9,Setembro,Com. Leves,Elétricos,1,FORD,106,100.0
2024,9,Setembro,Com. Leves,Elétricos,4,HITECH,3,3.7
2024,9,Setembro,Com. Leves,Elétricos,5,FORD,1,1.23
2024,9,Setembro,Caminhões,Elétricos,1,VW TRUCK E BUS,24,68.57
2024,9,Setembro,Caminhões,Elétricos,2,TESLA,6,17.14
2024,9,Setembro,Caminhões,Elétricos,3,JAC,3,8.57
2024,9,Setembro,Caminhões,Elétricos,4,FOTON,1,2.86
2024,9,Setembro,Caminhões,Elétricos,5,NANJING,1,2.86
2024,9,Setembro,Ônibus,Elétricos,1,INDUSCAR,8,50.0
2024,9,Setembro,Ônibus,Elétricos,2,HIGER,5,31.25
2024,9,Setembro,Ônibus,Elétricos,3,BYD,1,6.25
2024,9,Setembro,Ônibus,Elétricos,4,M.BENZ,1,6.25
2024,9,Setembro,Ônibus,Elétricos,5,VW TRUCK E BUS,1,6.25
2024,9,Setembro,Motos,Elétricos,1,VMOTO,125,22.77
2024,9,Setembro,Motos,Elétricos,2,GCX,80,14.57
2024,9,Setembro,Motos,Elétricos,3,SHINERAY,45,8.2
2024,9,Setembro,Motos,Elétricos,4,WATTS,38,6.92
2024,9,Setembro,Motos,Elétricos,5,SHENGQI,30,5.46
2024,9,Setembro,Motos,Elétricos,6,ROTOM,26,4.74
2024,9,Setembro,Motos,Elétricos,7,LVNENG,21,3.83
2024,9,Setembro,Motos,Elétricos,8,MILETO,19,3.46
2024,9,Setembro,Motos,Elétricos,9,SUPER SOCO,18,3.28
2024,9,Setembro,Motos,Elétricos,10,SHANSU,14,2.55
2024,9,Setembro,Motos,Elétricos,11,AIPAO,10,1.82
2024,9,Setembro,Motos,Elétricos,12,BULL,9,1.64
2024,9,Setembro,Motos,Elétricos,13,SMARDA,9,1.64
2024,9,Setembro,Motos,Elétricos,14,WANGPAI,9,1.64
2024,9,Setembro,Motos,Elétricos,15,VOLTZ,8,1.46
2024,10,Outubro,Autos,Híbridos,1,BYD,2924,30.23
2024,10,Outubro,Autos,Elétricos,1,BYD,4334,77.31
2024,10,Outubro,Autos,Híbridos,2,GWM,2286,23.64
2024,10,Outubro,Autos,Elétricos,2,GWM,498,8.88
2024,10,Outubro,Autos,Híbridos,3,TOYOTA,1506,15.57
2024,10,Outubro,Autos,Elétricos,3,VOLVO,292,5.21
2024,10,Outubro,Autos,Híbridos,4,M.BENZ,705,7.29
2024,10,Outubro,Autos,Elétricos,4,RENAULT,104,1.86
2024,10,Outubro,Autos,Híbridos,5,VOLVO,534,5.52
2024,10,Outubro,Autos,Elétricos,5,BMW,79,1.41
2024,10,Outubro,Autos,Híbridos,6,CAOA CHERY,456,4.71
2024,10,Outubro,Autos,Elétricos,6,JAC,58,1.03
2024,10,Outubro,Autos,Híbridos,7,BMW,295,3.05
2024,10,Outubro,Autos,Elétricos,7,MINI,49,0.87
2024,10,Outubro,Autos,Híbridos,8,HONDA,285,2.95
2024,10,Outubro,Autos,Elétricos,8,AUDI,48,0.86
2024,10,Outubro,Autos,Híbridos,9,LAND ROVER,195,2.02
2024,10,Outubro,Autos,Elétricos,9,PORSCHE,42,0.75
2024,10,Outubro,Autos,Híbridos,10,KIA,128,1.32
2024,10,Outubro,Autos,Elétricos,10,GM,29,0.52
2024,10,Outubro,Autos,Híbridos,11,LEXUS,93,0.96
2024,10,Outubro,Autos,Elétricos,11,M.BENZ,19,0.34
2024,10,Outubro,Autos,Híbridos,12,AUDI,79,0.82
2024,10,Outubro,Autos,Elétricos,12,ZEEKR,15,0.27
2024,10,Outubro,Autos,Híbridos,13,JAGUAR,5,0.57
2024,10,Outubro,Autos,Elétricos,13,FORD,1,0.2
2024,10,Outubro,Autos,Híbridos,14,PORSCHE,52,0.54
2024,10,Outubro,Autos,Elétricos,14,KIA,9,0.16
2024,10,Outubro,Autos,Híbridos,15,FIAT,37,0.38
2024,10,Outubro,Autos,Elétricos,15,GAC,5,0.09
2024,10,Outubro,Com. Leves,Elétricos,1,JAC,235,46.63
2024,10,Outubro,Com. Leves,Elétricos,2,FORD,219,43.45
2024,10,Outubro,Com. Leves,Elétricos,1,BYD,143,56.97
2024,10,Outubro,Com. Leves,Elétricos,3,RENAULT,42,8.33
2024,10,Outubro,Com. Leves,Elétricos,2,FORD,108,43.03
2024,10,Outubro,Com. Leves,Elétricos,4,PEUGEOT,7,1.39
2024,10,Outubro,Com. Leves,Elétricos,5,ARROW,1,0.2
2024,10,Outubro,Caminhões,Elétricos,1,JAC,13,50.0
2024,10,Outubro,Caminhões,Elétricos,2,VW TRUCK E BUS,6,23.08
2024,10,Outubro,Caminhões,Elétricos,3,TESLA,5,19.23
2024,10,Outubro,Caminhões,Elétricos,4,FOTON,1,3.85
2024,10,Outubro,Caminhões,Elétricos,5,NANJING,1,3.85
2024,10,Outubro,Ônibus,Elétricos,1,INDUSCAR,35,67.31
2024,10,Outubro,Ônibus,Elétricos,2,M.BENZ,17,32.69
2024,10,Outubro,Motos,Elétricos,1,VMOTO,235,36.55
2024,10,Outubro,Motos,Elétricos,2,GCX,7,11.98
2024,10,Outubro,Motos,Elétricos,3,SHINERAY,49,7.62
2024,10,Outubro,Motos,Elétricos,4,WATTS,43,6.69
2024,10,Outubro,Motos,Elétricos,5,ROTOM,3,5.13
2024,10,Outubro,Motos,Elétricos,6,SHENGQI,32,4.98
2024,10,Outubro,Motos,Elétricos,7,LVNENG,19,2.95
2024,10,Outubro,Motos,Elétricos,8,AIPAO,16,2.49
2024,10,Outubro,Motos,Elétricos,9,FUSCO,14,2.18
2024,10,Outubro,Motos,Elétricos,10,SHANSU,10,1.56
2024,10,Outubro,Motos,Elétricos,11,SMARDA,10,1.56
2024,10,Outubro,Motos,Elétricos,12,AIMA,9,1.4
2024,10,Outubro,Motos,Elétricos,13,SUPER SOCO,9,1.4
2024,10,Outubro,Motos,Elétricos,14,MORE RAN,8,1.24
2024,10,Outubro,Motos,Elétricos,15,MILETO,7,1.09
2024,11,Novembro,Autos,Híbridos,1,BYD,4332,37.44
2024,11,Novembro,Autos,Elétricos,1,BYD,3666,72.87
2024,11,Novembro,Autos,Híbridos,2,GWM,2070,17.89
2024,11,Novembro,Autos,Elétricos,2,GWM,576,11.45
2024,11,Novembro,Autos,Híbridos,3,TOYOTA,1542,13.33
2024,11,Novembro,Autos,Elétricos,3,VOLVO,279,5.55
2024,11,Novembro,Autos,Híbridos,4,FIAT,1099,9.5
2024,11,Novembro,Autos,Elétricos,4,JAC,111,2.21
2024,11,Novembro,Autos,Híbridos,5,M.BENZ,517,4.47
2024,11,Novembro,Autos,Elétricos,5,RENAULT,90,1.79
2024,11,Novembro,Autos,Híbridos,6,CAOA CHERY,380,3.28
2024,11,Novembro,Autos,Elétricos,6,BMW,87,1.73
2024,11,Novembro,Autos,Híbridos,7,BMW,357,3.09
2024,11,Novembro,Autos,Elétricos,7,GM,63,1.25
2024,11,Novembro,Autos,Híbridos,8,VOLVO,329,2.84
2024,11,Novembro,Autos,Elétricos,8,MINI,37,0.74
2024,11,Novembro,Autos,Híbridos,9,HONDA,231,2.0
2024,11,Novembro,Autos,Elétricos,9,AUDI,30,0.6
2024,11,Novembro,Autos,Híbridos,10,LAND ROVER,204,1.76
2024,11,Novembro,Autos,Elétricos,10,PORSCHE,26,0.52
2024,11,Novembro,Autos,Híbridos,11,PORSCHE,123,1.06
2024,11,Novembro,Autos,Elétricos,11,ZEEKR,24,0.48
2024,11,Novembro,Autos,Híbridos,12,KIA,116,1.0
2024,11,Novembro,Autos,Elétricos,12,M.BENZ,14,0.28
2024,11,Novembro,Autos,Híbridos,13,LEXUS,105,0.91
2024,11,Novembro,Autos,Elétricos,13,FORD,7,0.14
2024,11,Novembro,Autos,Híbridos,14,AUDI,98,0.85
2024,11,Novembro,Autos,Elétricos,14,VW,6,0.12
2024,11,Novembro,Autos,Híbridos,15,HYUNDAI,21,0.18
2024,11,Novembro,Autos,Elétricos,15,CAOA CHERY,3,0.06
2024,11,Novembro,Com. Leves,Elétricos,1,JAC,256,66.49
2024,11,Novembro,Com. Leves,Elétricos,2,RENAULT,43,11.17
2024,11,Novembro,Com. Leves,Elétricos,3,FORD,39,10.13
2024,11,Novembro,Com. Leves,Elétricos,1,FORD,106,68.39
2024,11,Novembro,Com. Leves,Elétricos,2,BYD,49,31.61
2024,11,Novembro,Com. Leves,Elétricos,6,M.BENZ,2,0.52
2024,11,Novembro,Com. Leves,Elétricos,7,SOKON,2,0.52
2024,11,Novembro,Com. Leves,Elétricos,8,HITECH,1,0.26
2024,11,Novembro,Caminhões,Elétricos,1,JAC,32,66.67
2024,11,Novembro,Caminhões,Elétricos,2,FOTON,4,8.33
2024,11,Novembro,Caminhões,Elétricos,3,TESLA,4,8.33
2024,11,Novembro,Caminhões,Elétricos,4,VW TRUCK E BUS,4,8.33
2024,11,Novembro,Caminhões,Elétricos,5,VOLVO,2,4.17
2024,11,Novembro,Caminhões,Elétricos,6,BYD,1,2.08
2024,11,Novembro,Caminhões,Elétricos,7,M.BENZ,1,2.08
2024,11,Novembro,Ônibus,Elétricos,1,INDUSCAR,15,71.43
2024,11,Novembro,Ônibus,Elétricos,2,BYD,6,28.57
2024,11,Novembro,Motos,Elétricos,1,VMOTO,340,47.82
2024,11,Novembro,Motos,Elétricos,2,GCX,81,11.39
2024,11,Novembro,Motos,Elétricos,3,SHINERAY,41,5.77
2024,11,Novembro,Motos,Elétricos,4,SUPER SOCO,40,5.63
2024,11,Novembro,Motos,Elétricos,5,WATTS,30,4.22
2024,11,Novembro,Motos,Elétricos,6,LVNENG,28,3.94
2024,11,Novembro,Motos,Elétricos,7,FUSCO,21,2.95
2024,11,Novembro,Motos,Elétricos,8,AIPAO,14,1.97
2024,11,Novembro,Motos,Elétricos,9,FEVER,14,1.97
2024,11,Novembro,Motos,Elétricos,10,SHENGQI,1,1.55
2024,11,Novembro,Motos,Elétricos,11,SMARDA,1,1.55
2024,11,Novembro,Motos,Elétricos,12,BULL,7,0.98
2024,11,Novembro,Motos,Elétricos,13,ROTOM,7,0.98
2024,11,Novembro,Motos,Elétricos,14,WANGPAI,7,0.98
2024,11,Novembro,Motos,Elétricos,15,TAILING,6,0.84
2024,12,Dezembro,Autos,Híbridos,1,BYD,7189,42.1
2024,12,Dezembro,Autos,Elétricos,1,BYD,2781,64.21
2024,12,Dezembro,Autos,Híbridos,2,FIAT,2692,15.76
2024,12,Dezembro,Autos,Elétricos,2,GWM,478,11.04
2024,12,Dezembro,Autos,Híbridos,3,GWM,2644,15.48
2024,12,Dezembro,Autos,Elétricos,3,VOLVO,418,9.65
2024,12,Dezembro,Autos,Híbridos,4,TOYOTA,1583,9.27
2024,12,Dezembro,Autos,Elétricos,4,JAC,145,3.35
2024,12,Dezembro,Autos,Híbridos,5,M.BENZ,716,4.19
2024,12,Dezembro,Autos,Elétricos,5,BMW,109,2.52
2024,12,Dezembro,Autos,Híbridos,6,VOLVO,371,2.17
2024,12,Dezembro,Autos,Elétricos,6,RENAULT,9,2.29
2024,12,Dezembro,Autos,Híbridos,7,HONDA,349,2.04
2024,12,Dezembro,Autos,Elétricos,7,PORSCHE,98,2.26
2024,12,Dezembro,Autos,Híbridos,8,BMW,340,1.99
2024,12,Dezembro,Autos,Elétricos,8,ZEEKR,5,1.27
2024,12,Dezembro,Autos,Híbridos,9,CAOA CHERY,330,1.93
2024,12,Dezembro,Autos,Elétricos,9,MINI,48,1.11
2024,12,Dezembro,Autos,Híbridos,10,LAND ROVER,273,1.6
2024,12,Dezembro,Autos,Elétricos,10,GM,3,0.76
2024,12,Dezembro,Autos,Híbridos,11,AUDI,165,0.97
2024,12,Dezembro,Autos,Elétricos,11,M.BENZ,16,0.37
2024,12,Dezembro,Autos,Híbridos,12,PORSCHE,129,0.76
2024,12,Dezembro,Autos,Elétricos,12,VW,13,0.3
2024,12,Dezembro,Autos,Híbridos,13,KIA,127,0.74
2024,12,Dezembro,Autos,Elétricos,13,AUDI,10,0.23
2024,12,Dezembro,Autos,Híbridos,14,LEXUS,123,0.72
2024,12,Dezembro,Autos,Elétricos,14,HYUNDAI,8,0.18
2024,12,Dezembro,Autos,Híbridos,15,HYUNDAI,21,0.12
2024,12,Dezembro,Autos,Elétricos,15,DONGFENG,4,0.09
2024,12,Dezembro,Com. Leves,Elétricos,1,JAC,9,23.68
2024,12,Dezembro,Com. Leves,Elétricos,2,RIDDARA,9,23.68
2024,12,Dezembro,Com. Leves,Elétricos,3,RENAULT,7,18.42
2024,12,Dezembro,Com. Leves,Elétricos,4,FEVER,5,13.16
2024,12,Dezembro,Com. Leves,Elétricos,1,BYD,121,64.36
2024,12,Dezembro,Com. Leves,Elétricos,5,ARROW,3,7.89
2024,12,Dezembro,Com. Leves,Elétricos,2,FORD,67,35.64
2024,12,Dezembro,Com. Leves,Elétricos,6,PEUGEOT,2,5.26
2024,12,Dezembro,Com. Leves,Elétricos,7,CITROEN,1,2.63
2024,12,Dezembro,Com. Leves,Elétricos,8,FORD,1,2.63
2024,12,Dezembro,Com. Leves,Elétricos,9,HITECH,1,2.63
2024,12,Dezembro,Caminhões,Elétricos,1,NANJING,15,41.67
2024,12,Dezembro,Caminhões,Elétricos,2,VW TRUCK E BUS,9,25.0
2024,12,Dezembro,Caminhões,Elétricos,3,JAC,8,22.22
2024,12,Dezembro,Caminhões,Elétricos,4,VOLVO,3,8.33
2024,12,Dezembro,Caminhões,Elétricos,5,TESLA,1,2.78
2024,12,Dezembro,Ônibus,Elétricos,1,BYD,2,100.0
2024,12,Dezembro,Motos,Elétricos,1,VMOTO,732,61.77
2024,12,Dezembro,Motos,Elétricos,2,GCX,81,6.84
2024,12,Dezembro,Motos,Elétricos,3,WATTS,5,4.64
2024,12,Dezembro,Motos,Elétricos,4,SHINERAY,52,4.39
2024,12,Dezembro,Motos,Elétricos,5,SHANSU,35,2.95
2024,12,Dezembro,Motos,Elétricos,6,SHENGQI,31,2.62
2024,12,Dezembro,Motos,Elétricos,7,FEVER,24,2.03
2024,12,Dezembro,Motos,Elétricos,8,LVNENG,24,2.03
2024,12,Dezembro,Motos,Elétricos,9,SUPER SOCO,2,1.86
2024,12,Dezembro,Motos,Elétricos,10,FUTENGDA,12,1.01
2024,12,Dezembro,Motos,Elétricos,11,LEVA,1,0.93
2024,12,Dezembro,Motos,Elétricos,12,ROTOM,10,0.84
2024,12,Dezembro,Motos,Elétricos,13,BRILSTAR,9,0.76
2024,12,Dezembro,Motos,Elétricos,14,SMARDA,8,0.68
2024,12,Dezembro,Motos,Elétricos,15,AIMA,6,0.51
2025,1,Janeiro,Autos,Híbridos,1,BYD,4007,31.63
2025,1,Janeiro,Autos,Elétricos,1,BYD,2474,68.04
2025,1,Janeiro,Autos,Híbridos,2,FIAT,2883,22.75
2025,1,Janeiro,Autos,Elétricos,2,VOLVO,394,10.84
2025,1,Janeiro,Autos,Híbridos,3,GWM,2241,17.69
2025,1,Janeiro,Autos,Elétricos,3,GWM,349,9.6
2025,1,Janeiro,Autos,Híbridos,4,TOYOTA,1002,7.91
2025,1,Janeiro,Autos,Elétricos,4,BMW,68,1.87
2025,1,Janeiro,Autos,Híbridos,5,M.BENZ,539,4.25
2025,1,Janeiro,Autos,Elétricos,5,ZEEKR,57,1.57
2025,1,Janeiro,Autos,Híbridos,6,HONDA,404,3.19
2025,1,Janeiro,Autos,Elétricos,6,PORSCHE,5,1.51
2025,1,Janeiro,Autos,Híbridos,7,CAOA CHERY,390,3.08
2025,1,Janeiro,Autos,Elétricos,7,RENAULT,54,1.49
2025,1,Janeiro,Autos,Híbridos,8,VOLVO,262,2.07
2025,1,Janeiro,Autos,Elétricos,8,MINI,40,1.1
2025,1,Janeiro,Autos,Híbridos,9,LAND ROVER,234,1.85
2025,1,Janeiro,Autos,Elétricos,9,JAC,37,1.02
2025,1,Janeiro,Autos,Híbridos,10,BMW,200,1.58
2025,1,Janeiro,Autos,Elétricos,10,NETA,19,0.52
2025,1,Janeiro,Autos,Híbridos,11,PORSCHE,162,1.28
2025,1,Janeiro,Autos,Elétricos,11,VW,16,0.44
2025,1,Janeiro,Autos,Híbridos,12,KIA,127,1.0
2025,1,Janeiro,Autos,Elétricos,12,GM,15,0.41
2025,1,Janeiro,Autos,Híbridos,13,AUDI,90,0.71
2025,1,Janeiro,Autos,Elétricos,13,AUDI,13,0.36
2025,1,Janeiro,Autos,Híbridos,14,LEXUS,90,0.71
2025,1,Janeiro,Autos,Elétricos,14,DONGFENG,10,0.28
2025,1,Janeiro,Autos,Híbridos,15,HYUNDAI,17,0.13
2025,1,Janeiro,Autos,Elétricos,15,FORD,10,0.28
2025,1,Janeiro,Com. Leves,Elétricos,1,RENAULT,46,75.41
2025,1,Janeiro,Com. Leves,Elétricos,2,FEVER,6,9.84
2025,1,Janeiro,Com. Leves,Elétricos,1,BYD,100,77.52
2025,1,Janeiro,Com. Leves,Elétricos,2,FORD,29,22.48
2025,1,Janeiro,Com. Leves,Elétricos,5,JAC,1,1.64
2025,1,Janeiro,Com. Leves,Elétricos,6,SOKON,1,1.64
2025,1,Janeiro,Caminhões,Elétricos,1,TESLA,7,41.18
2025,1,Janeiro,Caminhões,Elétricos,2,JAC,6,35.29
2025,1,Janeiro,Caminhões,Elétricos,3,VW TRUCK E BUS,3,17.65
2025,1,Janeiro,Caminhões,Elétricos,4,FOTON,1,5.88
2025,1,Janeiro,Ônibus,Elétricos,1,BYD,70,59.83
2025,1,Janeiro,Ônibus,Elétricos,2,INDUSCAR,42,35.9
2025,1,Janeiro,Motos,Elétricos,1,VMOTO,585,56.8
2025,1,Janeiro,Motos,Elétricos,2,GCX,96,9.32
2025,1,Janeiro,Motos,Elétricos,3,SHANSU,65,6.31
2025,1,Janeiro,Motos,Elétricos,4,SHINERAY,63,6.12
2025,1,Janeiro,Motos,Elétricos,5,WATTS,4,4.27
2025,1,Janeiro,Motos,Elétricos,6,SHENGQI,37,3.59
2025,1,Janeiro,Motos,Elétricos,7,LVNENG,20,1.94
2025,1,Janeiro,Motos,Elétricos,8,AIPAO,1,1.07
2025,1,Janeiro,Motos,Elétricos,9,FEVER,1,1.07
2025,1,Janeiro,Motos,Elétricos,10,ROTOM,10,0.97
2025,1,Janeiro,Motos,Elétricos,11,LEVA,9,0.87
2025,1,Janeiro,Motos,Elétricos,12,CYKLOS,7,0.68
2025,1,Janeiro,Motos,Elétricos,13,FUSCO,6,0.58
2025,1,Janeiro,Motos,Elétricos,14,WANGPAI,6,0.58
2025,1,Janeiro,Motos,Elétricos,15,AIMA,5,0.49
2025,2,Fevereiro,Autos,Híbridos,1,BYD,3485,29.93
2025,2,Fevereiro,Autos,Elétricos,1,BYD,3473,77.7
2025,2,Fevereiro,Autos,Híbridos,2,FIAT,2122,18.23
2025,2,Fevereiro,Autos,Elétricos,2,VOLVO,363,8.12
2025,2,Fevereiro,Autos,Híbridos,3,GWM,1747,15.0
2025,2,Fevereiro,Autos,Elétricos,3,GWM,262,5.86
2025,2,Fevereiro,Autos,Híbridos,4,TOYOTA,1574,13.52
2025,2,Fevereiro,Autos,Elétricos,4,BMW,6,1.48
2025,2,Fevereiro,Autos,Híbridos,5,M.BENZ,628,5.39
2025,2,Fevereiro,Autos,Elétricos,5,ZEEKR,52,1.16
2025,2,Fevereiro,Autos,Híbridos,6,HONDA,463,3.98
2025,2,Fevereiro,Autos,Elétricos,6,RENAULT,49,1.1
2025,2,Fevereiro,Autos,Híbridos,7,CAOA CHERY,382,3.28
2025,2,Fevereiro,Autos,Elétricos,7,PORSCHE,45,1.01
2025,2,Fevereiro,Autos,Híbridos,8,VOLVO,371,3.19
2025,2,Fevereiro,Autos,Elétricos,8,JAC,37,0.83
2025,2,Fevereiro,Autos,Híbridos,9,BMW,234,2.01
2025,2,Fevereiro,Autos,Elétricos,9,MINI,36,0.81
2025,2,Fevereiro,Autos,Híbridos,10,LAND ROVER,187,1.61
2025,2,Fevereiro,Autos,Elétricos,10,AUDI,20,0.45
2025,2,Fevereiro,Autos,Híbridos,11,PORSCHE,145,1.25
2025,2,Fevereiro,Autos,Elétricos,11,M.BENZ,16,0.36
2025,2,Fevereiro,Autos,Híbridos,12,AUDI,87,0.75
2025,2,Fevereiro,Autos,Elétricos,12,FORD,13,0.29
2025,2,Fevereiro,Autos,Híbridos,13,KIA,81,0.7
2025,2,Fevereiro,Autos,Elétricos,13,NETA,8,0.18
2025,2,Fevereiro,Autos,Híbridos,14,LEXUS,78,0.67
2025,2,Fevereiro,Autos,Elétricos,14,VW,8,0.18
2025,2,Fevereiro,Autos,Híbridos,15,JEEP,25,0.21
2025,2,Fevereiro,Autos,Elétricos,15,GM,7,0.16
2025,2,Fevereiro,Com. Leves,Elétricos,1,M.BENZ,9,42.86
2025,2,Fevereiro,Com. Leves,Elétricos,2,RENAULT,4,19.05
2025,2,Fevereiro,Com. Leves,Elétricos,1,BYD,72,75.0
2025,2,Fevereiro,Com. Leves,Elétricos,2,FORD,24,25.0
2025,2,Fevereiro,Com. Leves,Elétricos,5,FEVER,1,4.76
2025,2,Fevereiro,Com. Leves,Elétricos,6,PEUGEOT,1,4.76
2025,2,Fevereiro,Caminhões,Elétricos,1,JAC,23,54.76
2025,2,Fevereiro,Caminhões,Elétricos,2,VW TRUCK E BUS,1,26.19
2025,2,Fevereiro,Caminhões,Elétricos,3,FOTON,4,9.52
2025,2,Fevereiro,Caminhões,Elétricos,4,TESLA,3,7.14
2025,2,Fevereiro,Caminhões,Elétricos,5,NANJING,1,2.38
2025,2,Fevereiro,Ônibus,Elétricos,1,ANKAI,5,31.25
2025,2,Fevereiro,Ônibus,Elétricos,2,BYD,5,31.25
2025,2,Fevereiro,Ônibus,Elétricos,3,INDUSCAR,1,6.25
2025,2,Fevereiro,Motos,Elétricos,1,VMOTO,753,59.01
2025,2,Fevereiro,Motos,Elétricos,2,GCX,98,7.68
2025,2,Fevereiro,Motos,Elétricos,3,SHANSU,61,4.78
2025,2,Fevereiro,Motos,Elétricos,4,SUPER SOCO,54,4.23
2025,2,Fevereiro,Motos,Elétricos,5,SHINERAY,49,3.84
2025,2,Fevereiro,Motos,Elétricos,6,SHENGQI,46,3.61
2025,2,Fevereiro,Motos,Elétricos,7,WATTS,4,3.45
2025,2,Fevereiro,Motos,Elétricos,8,BULL,20,1.57
2025,2,Fevereiro,Motos,Elétricos,9,AIPAO,12,0.94
2025,2,Fevereiro,Motos,Elétricos,10,LVNENG,12,0.94
2025,2,Fevereiro,Motos,Elétricos,11,ROTOM,1,0.86
2025,2,Fevereiro,Motos,Elétricos,12,SMARDA,1,0.86
2025,2,Fevereiro,Motos,Elétricos,13,FEVER,10,0.78
2025,2,Fevereiro,Motos,Elétricos,14,GREEN SHUTTLE,10,0.78
2025,2,Fevereiro,Motos,Elétricos,15,LEVA,7,0.55
2025,3,Março,Autos,Híbridos,1,BYD,4210,32.7
2025,3,Março,Autos,Elétricos,1,BYD,3728,78.19
2025,3,Março,Autos,Híbridos,2,FIAT,2395,18.6
2025,3,Março,Autos,Elétricos,2,VOLVO,439,9.21
2025,3,Março,Autos,Híbridos,3,GWM,1889,14.67
2025,3,Março,Autos,Elétricos,3,GWM,203,4.26
2025,3,Março,Autos,Híbridos,4,TOYOTA,1699,13.2
2025,3,Março,Autos,Elétricos,4,BMW,85,1.78
2025,3,Março,Autos,Híbridos,5,M.BENZ,560,4.35
2025,3,Março,Autos,Elétricos,5,RENAULT,73,1.53
2025,3,Março,Autos,Híbridos,6,CAOA CHERY,431,3.35
2025,3,Março,Autos,Elétricos,6,PORSCHE,5,1.15
2025,3,Março,Autos,Híbridos,7,HONDA,340,2.64
2025,3,Março,Autos,Elétricos,7,MINI,48,1.01
2025,3,Março,Autos,Híbridos,8,VOLVO,268,2.08
2025,3,Março,Autos,Elétricos,8,JAC,3,0.69
2025,3,Março,Autos,Híbridos,9,BMW,258,2.0
2025,3,Março,Autos,Elétricos,9,ZEEKR,32,0.67
2025,3,Março,Autos,Híbridos,10,PORSCHE,225,1.75
2025,3,Março,Autos,Elétricos,10,M.BENZ,15,0.31
2025,3,Março,Autos,Híbridos,11,LAND ROVER,206,1.6
2025,3,Março,Autos,Elétricos,11,GM,14,0.29
2025,3,Março,Autos,Híbridos,12,AUDI,107,0.83
2025,3,Março,Autos,Elétricos,12,VW,1,0.23
2025,3,Março,Autos,Híbridos,13,KIA,9,0.77
2025,3,Março,Autos,Elétricos,13,NETA,9,0.19
2025,3,Março,Autos,Híbridos,14,LEXUS,89,0.69
2025,3,Março,Autos,Elétricos,14,FORD,6,0.13
2025,3,Março,Autos,Híbridos,15,SUBARU,53,0.41
2025,3,Março,Autos,Elétricos,15,KIA,4,0.08
2025,3,Março,Com. Leves,Elétricos,1,RIDDARA,19,61.29
2025,3,Março,Com. Leves,Elétricos,2,FEVER,6,19.35
2025,3,Março,Com. Leves,Elétricos,3,GMC,2,6.45
2025,3,Março,Com. Leves,Elétricos,1,BYD,122,53.51
2025,3,Março,Com. Leves,Elétricos,4,ARROW,1,3.23
2025,3,Março,Com. Leves,Elétricos,2,FORD,106,46.49
2025,3,Março,Com. Leves,Elétricos,5,HITECH,1,3.23
2025,3,Março,Com. Leves,Elétricos,6,M.BENZ,1,3.23
2025,3,Março,Com. Leves,Elétricos,7,SOKON,1,3.23
2025,3,Março,Caminhões,Elétricos,1,JAC,13,50.0
2025,3,Março,Caminhões,Elétricos,2,VW TRUCK E BUS,7,26.92
2025,3,Março,Caminhões,Elétricos,3,FOTON,3,11.54
2025,3,Março,Caminhões,Elétricos,4,HIGER,1,3.85
2025,3,Março,Caminhões,Elétricos,5,NANJING,1,3.85
2025,3,Março,Caminhões,Elétricos,6,TESLA,1,3.85
2025,3,Março,Ônibus,Elétricos,1,M.BENZ,18,60.0
2025,3,Março,Ônibus,Elétricos,2,HIGER,10,33.33
2025,3,Março,Ônibus,Elétricos,3,BYD,1,3.33
2025,3,Março,Ônibus,Elétricos,4,INDUSCAR,1,3.33
2025,3,Março,Motos,Elétricos,1,VMOTO,646,56.42
2025,3,Março,Motos,Elétricos,2,GCX,117,10.22
2025,3,Março,Motos,Elétricos,3,WATTS,65,5.68
2025,3,Março,Motos,Elétricos,4,SHINERAY,59,5.15
2025,3,Março,Motos,Elétricos,5,SUPER SOCO,53,4.63
2025,3,Março,Motos,Elétricos,6,SHANSU,28,2.45
2025,3,Março,Motos,Elétricos,7,SHENGQI,28,2.45
2025,3,Março,Motos,Elétricos,8,MILETO,17,1.48
2025,3,Março,Motos,Elétricos,9,BULL,10,0.87
2025,3,Março,Motos,Elétricos,10,LUYUAN,10,0.87
2025,3,Março,Motos,Elétricos,11,AIPAO,9,0.79
2025,3,Março,Motos,Elétricos,12,LVNENG,8,0.7
2025,3,Março,Motos,Elétricos,13,SMARDA,7,0.61
2025,3,Março,Motos,Elétricos,14,AIMA,6,0.52
2025,3,Março,Motos,Elétricos,15,CYKLOS,6,0.52
2025,4,Abril,Autos,Híbridos,1,BYD,4738,31.75
2025,4,Abril,Autos,Elétricos,1,BYD,3602,77.0
2025,4,Abril,Autos,Híbridos,2,FIAT,3932,26.35
2025,4,Abril,Autos,Elétricos,2,VOLVO,424,9.06
2025,4,Abril,Autos,Híbridos,3,GWM,2140,14.34
2025,4,Abril,Autos,Elétricos,3,GWM,191,4.08
2025,4,Abril,Autos,Híbridos,4,TOYOTA,1526,10.22
2025,4,Abril,Autos,Elétricos,4,RENAULT,123,2.63
2025,4,Abril,Autos,Híbridos,5,M.BENZ,717,4.8
2025,4,Abril,Autos,Elétricos,5,BMW,73,1.56
2025,4,Abril,Autos,Híbridos,6,CAOA CHERY,382,2.56
2025,4,Abril,Autos,Elétricos,6,JAC,67,1.43
2025,4,Abril,Autos,Híbridos,7,VOLVO,367,2.46
2025,4,Abril,Autos,Elétricos,7,MINI,45,0.96
2025,4,Abril,Autos,Híbridos,8,BMW,241,1.61
2025,4,Abril,Autos,Elétricos,8,ZEEKR,45,0.96
2025,4,Abril,Autos,Híbridos,9,LAND ROVER,195,1.31
2025,4,Abril,Autos,Elétricos,9,PORSCHE,43,0.92
2025,4,Abril,Autos,Híbridos,10,HONDA,170,1.14
2025,4,Abril,Autos,Elétricos,10,M.BENZ,24,0.51
2025,4,Abril,Autos,Híbridos,11,PORSCHE,150,1.01
2025,4,Abril,Autos,Elétricos,11,OMODA,13,0.28
2025,4,Abril,Autos,Híbridos,12,KIA,113,0.76
2025,4,Abril,Autos,Elétricos,12,GM,9,0.19
2025,4,Abril,Autos,Híbridos,13,LEXUS,104,0.7
2025,4,Abril,Autos,Elétricos,13,NETA,6,0.13
2025,4,Abril,Autos,Híbridos,14,AUDI,69,0.46
2025,4,Abril,Autos,Elétricos,14,FORD,3,0.06
2025,4,Abril,Autos,Híbridos,15,JAECOO,35,0.23
2025,4,Abril,Autos,Elétricos,15,AUDI,2,0.04
2025,4,Abril,Com. Leves,Elétricos,1,FEVER,1,52.38
2025,4,Abril,Com. Leves,Elétricos,2,GMC,2,9.52
2025,4,Abril,Com. Leves,Elétricos,3,JAC,2,9.52
2025,4,Abril,Com. Leves,Elétricos,1,BYD,140,70.71
2025,4,Abril,Com. Leves,Elétricos,2,FORD,58,29.29
2025,4,Abril,Com. Leves,Elétricos,6,FIAT,1,4.76
2025,4,Abril,Com. Leves,Elétricos,7,HITECH,1,4.76
2025,4,Abril,Com. Leves,Elétricos,8,SOKON,1,4.76
2025,4,Abril,Caminhões,Elétricos,1,VW TRUCK E BUS,18,52.94
2025,4,Abril,Caminhões,Elétricos,2,JAC,7,20.59
2025,4,Abril,Caminhões,Elétricos,3,TESLA,5,14.71
2025,4,Abril,Caminhões,Elétricos,4,NANJING,4,11.76
2025,4,Abril,Ônibus,Elétricos,1,INDUSCAR,50,55.56
2025,4,Abril,Ônibus,Elétricos,2,M.BENZ,32,35.56
2025,4,Abril,Ônibus,Elétricos,3,ANKAI,4,4.44
2025,4,Abril,Ônibus,Elétricos,4,VW TRUCK E BUS,3,3.33
2025,4,Abril,Ônibus,Elétricos,5,SCANIA,1,1.11
2025,4,Abril,Motos,Elétricos,1,GCX,120,21.09
2025,4,Abril,Motos,Elétricos,2,VMOTO,94,16.52
2025,4,Abril,Motos,Elétricos,3,WATTS,79,13.88
2025,4,Abril,Motos,Elétricos,4,SHINERAY,52,9.14
2025,4,Abril,Motos,Elétricos,5,SUPER SOCO,26,4.57
2025,4,Abril,Motos,Elétricos,6,SHANSU,19,3.34
2025,4,Abril,Motos,Elétricos,7,SHENGQI,19,3.34
2025,4,Abril,Motos,Elétricos,8,LEVA,17,2.99
2025,4,Abril,Motos,Elétricos,9,LVNENG,16,2.81
2025,4,Abril,Motos,Elétricos,10,AIPAO,12,2.11
2025,4,Abril,Motos,Elétricos,11,HORWIN,12,2.11
2025,4,Abril,Motos,Elétricos,12,MILETO,10,1.76
2025,4,Abril,Motos,Elétricos,13,LUYUAN,9,1.58
2025,4,Abril,Motos,Elétricos,14,SMARDA,8,1.41
2025,4,Abril,Motos,Elétricos,15,WUXI,8,1.41
2025,5,Maio,Autos,Híbridos,1,FIAT,4298,28.36
2025,5,Maio,Autos,Elétricos,1,BYD,5591,80.61
2025,5,Maio,Autos,Híbridos,2,BYD,3700,24.41
2025,5,Maio,Autos,Elétricos,2,VOLVO,514,7.41
2025,5,Maio,Autos,Híbridos,3,GWM,3035,20.03
2025,5,Maio,Autos,Elétricos,3,GWM,181,2.61
2025,5,Maio,Autos,Híbridos,4,TOYOTA,1273,8.4
2025,5,Maio,Autos,Elétricos,4,RENAULT,175,2.52
2025,5,Maio,Autos,Híbridos,5,M.BENZ,807,5.32
2025,5,Maio,Autos,Elétricos,5,OMODA,123,1.77
2025,5,Maio,Autos,Híbridos,6,CAOA CHERY,557,3.68
2025,5,Maio,Autos,Elétricos,6,BMW,85,1.23
2025,5,Maio,Autos,Híbridos,7,VOLVO,276,1.82
2025,5,Maio,Autos,Elétricos,7,JAC,59,0.85
2025,5,Maio,Autos,Híbridos,8,JAECOO,275,1.81
2025,5,Maio,Autos,Elétricos,8,MINI,43,0.62
2025,5,Maio,Autos,Híbridos,9,BMW,249,1.64
2025,5,Maio,Autos,Elétricos,9,ZEEKR,40,0.58
2025,5,Maio,Autos,Híbridos,10,LAND ROVER,174,1.15
2025,5,Maio,Autos,Elétricos,10,PORSCHE,39,0.56
2025,5,Maio,Autos,Híbridos,11,PORSCHE,154,1.02
2025,5,Maio,Autos,Elétricos,11,AUDI,26,0.37
2025,5,Maio,Autos,Híbridos,12,HONDA,119,0.79
2025,5,Maio,Autos,Elétricos,12,VW,17,0.25
2025,5,Maio,Autos,Híbridos,13,LEXUS,98,0.65
2025,5,Maio,Autos,Elétricos,13,M.BENZ,14,0.2
2025,5,Maio,Autos,Híbridos,14,KIA,65,0.43
2025,5,Maio,Autos,Elétricos,14,DONGFENG,6,0.09
2025,5,Maio,Autos,Híbridos,15,AUDI,53,0.35
2025,5,Maio,Autos,Elétricos,15,GM,5,0.07
2025,5,Maio,Com. Leves,Elétricos,1,FEVER,6,21.43
2025,5,Maio,Com. Leves,Elétricos,2,FORD,6,21.43
2025,5,Maio,Com. Leves,Elétricos,3,SOKON,6,21.43
2025,5,Maio,Com. Leves,Elétricos,1,BYD,103,68.21
2025,5,Maio,Com. Leves,Elétricos,2,FORD,48,31.79
2025,5,Maio,Com. Leves,Elétricos,6,JAC,2,7.14
2025,5,Maio,Com. Leves,Elétricos,7,RIDDARA,2,7.14
2025,5,Maio,Com. Leves,Elétricos,8,FIAT,1,3.57
2025,5,Maio,Caminhões,Elétricos,1,VW TRUCK E BUS,25,80.65
2025,5,Maio,Caminhões,Elétricos,2,JAC,5,16.13
2025,5,Maio,Caminhões,Elétricos,3,TESLA,1,3.23
2025,5,Maio,Ônibus,Elétricos,1,M.BENZ,20,83.33
2025,5,Maio,Ônibus,Elétricos,2,BYD,1,4.17
2025,5,Maio,Ônibus,Elétricos,3,HIGER,1,4.17
2025,5,Maio,Ônibus,Elétricos,4,VW TRUCK E BUS,1,4.17
2025,5,Maio,Motos,Elétricos,1,VMOTO,222,28.43
2025,5,Maio,Motos,Elétricos,2,GCX,132,16.9
2025,5,Maio,Motos,Elétricos,3,SHINERAY,61,7.81
2025,5,Maio,Motos,Elétricos,4,WATTS,57,7.3
2025,5,Maio,Motos,Elétricos,5,TAILING,46,5.89
2025,5,Maio,Motos,Elétricos,6,SUPER SOCO,40,5.12
2025,5,Maio,Motos,Elétricos,7,SHENGQI,19,2.43
2025,5,Maio,Motos,Elétricos,8,LVNENG,15,1.92
2025,5,Maio,Motos,Elétricos,9,AIPAO,13,1.66
2025,5,Maio,Motos,Elétricos,10,FUSCO,13,1.66
2025,5,Maio,Motos,Elétricos,11,MILETO,13,1.66
2025,5,Maio,Motos,Elétricos,12,SHANSU,13,1.66
2025,5,Maio,Motos,Elétricos,13,LEVA,12,1.54
2025,5,Maio,Motos,Elétricos,14,MOTOCHEFE,12,1.54
2025,5,Maio,Motos,Elétricos,15,AIMA,1,1.41
2025,6,Junho,Autos,Híbridos,1,FIAT,4348,28.48
2025,6,Junho,Autos,Elétricos,1,BYD,4475,76.2
2025,6,Junho,Autos,Híbridos,2,BYD,3602,23.59
2025,6,Junho,Autos,Elétricos,2,VOLVO,464,7.9
2025,6,Junho,Autos,Híbridos,3,GWM,2838,18.59
2025,6,Junho,Autos,Elétricos,3,RENAULT,214,3.64
2025,6,Junho,Autos,Híbridos,4,TOYOTA,1254,8.21
2025,6,Junho,Autos,Elétricos,4,GWM,183,3.12
2025,6,Junho,Autos,Híbridos,5,M.BENZ,788,5.16
2025,6,Junho,Autos,Elétricos,5,BMW,104,1.77
2025,6,Junho,Autos,Híbridos,6,CAOA CHERY,573,3.75
2025,6,Junho,Autos,Elétricos,6,OMODA,9,1.69
2025,6,Junho,Autos,Híbridos,7,JAECOO,381,2.5
2025,6,Junho,Autos,Elétricos,7,JAC,70,1.19
2025,6,Junho,Autos,Híbridos,8,VOLVO,330,2.16
2025,6,Junho,Autos,Elétricos,8,GAC,64,1.09
2025,6,Junho,Autos,Híbridos,9,BMW,268,1.76
2025,6,Junho,Autos,Elétricos,9,MINI,39,0.66
2025,6,Junho,Autos,Híbridos,10,LAND ROVER,205,1.34
2025,6,Junho,Autos,Elétricos,10,ZEEKR,35,0.6
2025,6,Junho,Autos,Híbridos,11,PORSCHE,171,1.12
2025,6,Junho,Autos,Elétricos,11,PORSCHE,31,0.53
2025,6,Junho,Autos,Híbridos,12,MITSUBISHI,128,0.84
2025,6,Junho,Autos,Elétricos,12,AUDI,2,0.37
2025,6,Junho,Autos,Híbridos,13,HONDA,103,0.67
2025,6,Junho,Autos,Elétricos,13,M.BENZ,20,0.34
2025,6,Junho,Autos,Híbridos,14,LEXUS,97,0.64
2025,6,Junho,Autos,Elétricos,14,GM,17,0.29
2025,6,Junho,Autos,Híbridos,15,AUDI,60,0.39
2025,6,Junho,Autos,Elétricos,15,NETA,12,0.2
2025,6,Junho,Com. Leves,Elétricos,1,M.BENZ,31,79.49
2025,6,Junho,Com. Leves,Elétricos,2,FOTON,2,5.13
2025,6,Junho,Com. Leves,Elétricos,1,BYD,86,56.21
2025,6,Junho,Com. Leves,Elétricos,2,FOTON,40,26.14
2025,6,Junho,Com. Leves,Elétricos,3,FORD,27,17.65
2025,6,Junho,Com. Leves,Elétricos,6,RIVIAN,1,2.56
2025,6,Junho,Com. Leves,Elétricos,7,SOKON,1,2.56
2025,6,Junho,Caminhões,Elétricos,1,JAC,28,70.0
2025,6,Junho,Caminhões,Elétricos,2,VW TRUCK E BUS,5,12.5
2025,6,Junho,Caminhões,Elétricos,3,FOTON,2,5.0
2025,6,Junho,Caminhões,Elétricos,4,SANY,2,5.0
2025,6,Junho,Caminhões,Elétricos,5,AGRALE,1,2.5
2025,6,Junho,Caminhões,Elétricos,6,M.BENZ,1,2.5
2025,6,Junho,Caminhões,Elétricos,7,XCMG,1,2.5
2025,6,Junho,Ônibus,Elétricos,1,BYD,19,55.88
2025,6,Junho,Ônibus,Elétricos,2,INDUSCAR,15,44.12
2025,6,Junho,Motos,Elétricos,1,GCX,103,16.8
2025,6,Junho,Motos,Elétricos,2,VMOTO,102,16.64
2025,6,Junho,Motos,Elétricos,3,SUPER SOCO,74,12.07
2025,6,Junho,Motos,Elétricos,4,TAILING,74,12.07
2025,6,Junho,Motos,Elétricos,5,SHINERAY,62,10.11
2025,6,Junho,Motos,Elétricos,6,WATTS,37,6.04
2025,6,Junho,Motos,Elétricos,7,LEVA,21,3.43
2025,6,Junho,Motos,Elétricos,8,SHENGQI,16,2.61
2025,6,Junho,Motos,Elétricos,9,MOTOCHEFE,14,2.28
2025,6,Junho,Motos,Elétricos,10,AIPAO,8,1.31
2025,6,Junho,Motos,Elétricos,11,ROTOM,8,1.31
2025,6,Junho,Motos,Elétricos,12,SHANSU,8,1.31
2025,6,Junho,Motos,Elétricos,13,SMARDA,8,1.31
2025,6,Junho,Motos,Elétricos,14,SOUSA,8,1.31
2025,6,Junho,Motos,Elétricos,15,YAMAHA,7,1.14
2025,7,Julho,Autos,Híbridos,1,FIAT,4690,26.03
2025,7,Julho,Autos,Elétricos,1,BYD,5486,78.9
2025,7,Julho,Autos,Híbridos,2,BYD,4128,22.91
2025,7,Julho,Autos,Elétricos,2,VOLVO,329,4.73
2025,7,Julho,Autos,Híbridos,3,GWM,3741,20.77
2025,7,Julho,Autos,Elétricos,3,GAC,271,3.9
2025,7,Julho,Autos,Híbridos,4,TOYOTA,1352,7.5
2025,7,Julho,Autos,Elétricos,4,GWM,191,2.75
2025,7,Julho,Autos,Híbridos,5,M.BENZ,725,4.02
2025,7,Julho,Autos,Elétricos,5,RENAULT,182,2.62
2025,7,Julho,Autos,Híbridos,6,OMODA JAECOO,620,3.44
2025,7,Julho,Autos,Elétricos,6,OMODA JAECOO,101,1.45
2025,7,Julho,Autos,Híbridos,7,CAOA CHERY,596,3.31
2025,7,Julho,Autos,Elétricos,7,BMW,98,1.41
2025,7,Julho,Autos,Híbridos,8,VOLVO,402,2.23
2025,7,Julho,Autos,Elétricos,8,JAC,72,1.04
2025,7,Julho,Autos,Híbridos,9,GAC,367,2.04
2025,7,Julho,Autos,Elétricos,9,MINI,49,0.7
2025,7,Julho,Autos,Híbridos,10,BMW,261,1.45
2025,7,Julho,Autos,Elétricos,10,PORSCHE,31,0.45
2025,7,Julho,Autos,Híbridos,11,MITSUBISHI,261,1.45
2025,7,Julho,Autos,Elétricos,11,ZEEKR,29,0.42
2025,7,Julho,Autos,Híbridos,12,LAND ROVER,234,1.3
2025,7,Julho,Autos,Elétricos,12,GEELY,28,0.4
2025,7,Julho,Autos,Híbridos,13,PORSCHE,176,0.98
2025,7,Julho,Autos,Elétricos,13,VW,27,0.39
2025,7,Julho,Autos,Híbridos,14,LEXUS,121,0.67
2025,7,Julho,Autos,Elétricos,14,AUDI,18,0.26
2025,7,Julho,Autos,Híbridos,15,KIA,94,0.52
2025,7,Julho,Autos,Elétricos,15,M.BENZ,15,0.22
2025,7,Julho,Com. Leves,Elétricos,1,ARROW,13,44.83
2025,7,Julho,Com. Leves,Elétricos,2,FORD,10,34.48
2025,7,Julho,Com. Leves,Elétricos,1,BYD,76,51.35
2025,7,Julho,Com. Leves,Elétricos,2,FOTON,57,38.51
2025,7,Julho,Com. Leves,Elétricos,3,FORD,15,10.14
2025,7,Julho,Com. Leves,Elétricos,6,FIAT,1,3.45
2025,7,Julho,Com. Leves,Elétricos,7,SOKON,1,3.45
2025,7,Julho,Caminhões,Elétricos,1,JAC,1,40.74
2025,7,Julho,Caminhões,Elétricos,2,VW TRUCK E BUS,10,37.04
2025,7,Julho,Caminhões,Elétricos,3,SANY,2,7.41
2025,7,Julho,Caminhões,Elétricos,4,TESLA,2,7.41
2025,7,Julho,Ônibus,Elétricos,1,M.BENZ,61,38.13
2025,7,Julho,Ônibus,Elétricos,2,INDUSCAR,54,33.75
2025,7,Julho,Ônibus,Elétricos,3,BYD,35,21.88
2025,7,Julho,Ônibus,Elétricos,4,MARCOPOLO,10,6.25
2025,7,Julho,Motos,Elétricos,1,GCX,97,21.75
2025,7,Julho,Motos,Elétricos,2,SUPER SOCO,78,17.49
2025,7,Julho,Motos,Elétricos,3,WATTS,59,13.23
2025,7,Julho,Motos,Elétricos,4,SHINERAY,45,10.09
2025,7,Julho,Motos,Elétricos,5,MOTOCHEFE,25,5.61
2025,7,Julho,Motos,Elétricos,6,LEVA,19,4.26
2025,7,Julho,Motos,Elétricos,7,AIPAO,13,2.91
2025,7,Julho,Motos,Elétricos,8,SHENGQI,1,2.47
2025,7,Julho,Motos,Elétricos,9,SMARDA,9,2.02
2025,7,Julho,Motos,Elétricos,10,LVNENG,8,1.79
2025,7,Julho,Motos,Elétricos,11,SHANSU,8,1.79
2025,7,Julho,Motos,Elétricos,12,AIMA,7,1.57
2025,7,Julho,Motos,Elétricos,13,HORWIN,5,1.12
2025,7,Julho,Motos,Elétricos,14,FUSCO,4,0.9
2025,7,Julho,Motos,Elétricos,15,MILETO,4,0.9
2025,8,Agosto,Autos,Híbridos,1,BYD,4097,23.37
2025,8,Agosto,Autos,Elétricos,1,BYD,5649,74.39
2025,8,Agosto,Autos,Híbridos,2,FIAT,3576,20.4
2025,8,Agosto,Autos,Elétricos,2,VOLVO,375,4.94
2025,8,Agosto,Autos,Híbridos,3,GWM,3405,19.42
2025,8,Agosto,Autos,Elétricos,3,GWM,320,4.21
2025,8,Agosto,Autos,Híbridos,4,TOYOTA,2470,14.09
2025,8,Agosto,Autos,Elétricos,4,GM,317,4.17
2025,8,Agosto,Autos,Híbridos,5,M.BENZ,708,4.04
2025,8,Agosto,Autos,Elétricos,5,GAC,242,3.19
2025,8,Agosto,Autos,Híbridos,6,OMODA JAECOO,635,3.62
2025,8,Agosto,Autos,Elétricos,6,RENAULT,164,2.16
2025,8,Agosto,Autos,Híbridos,7,CAOA CHERY,539,3.07
2025,8,Agosto,Autos,Elétricos,7,GEELY,159,2.09
2025,8,Agosto,Autos,Híbridos,8,VOLVO,437,2.49
2025,8,Agosto,Autos,Elétricos,8,OMODA JAECOO,85,1.12
2025,8,Agosto,Autos,Híbridos,9,BMW,317,1.81
2025,8,Agosto,Autos,Elétricos,9,ZEEKR,60,0.79
2025,8,Agosto,Autos,Híbridos,10,GAC,297,1.69
2025,8,Agosto,Autos,Elétricos,10,BMW,59,0.78
2025,8,Agosto,Autos,Híbridos,11,LAND ROVER,232,1.32
2025,8,Agosto,Autos,Elétricos,11,MINI,4,0.58
2025,8,Agosto,Autos,Híbridos,12,MITSUBISHI,161,0.92
2025,8,Agosto,Autos,Elétricos,12,NETA,28,0.37
2025,8,Agosto,Autos,Híbridos,13,PORSCHE,146,0.83
2025,8,Agosto,Autos,Elétricos,13,PORSCHE,24,0.32
2025,8,Agosto,Autos,Híbridos,14,LEXUS,116,0.66
2025,8,Agosto,Autos,Elétricos,14,NISSAN,23,0.3
2025,8,Agosto,Autos,Híbridos,15,HYUNDAI,106,0.6
2025,8,Agosto,Autos,Elétricos,15,JAC,10,0.13
2025,8,Agosto,Com. Leves,Elétricos,1,ARROW,4,44.44
2025,8,Agosto,Com. Leves,Elétricos,2,FEVER,1,11.11
2025,8,Agosto,Com. Leves,Elétricos,1,FOTON,85,52.8
2025,8,Agosto,Com. Leves,Elétricos,3,IVECO,1,11.11
2025,8,Agosto,Com. Leves,Elétricos,2,BYD,6,40.99
2025,8,Agosto,Com. Leves,Elétricos,4,JAC,1,11.11
2025,8,Agosto,Com. Leves,Elétricos,3,FORD,10,6.21
2025,8,Agosto,Com. Leves,Elétricos,5,M.BENZ,1,11.11
2025,8,Agosto,Com. Leves,Elétricos,6,PEUGEOT,1,11.11
2025,8,Agosto,Caminhões,Elétricos,1,JAC,7,33.33
2025,8,Agosto,Caminhões,Elétricos,2,M.BENZ,4,19.05
2025,8,Agosto,Caminhões,Elétricos,3,TESLA,4,19.05
2025,8,Agosto,Caminhões,Elétricos,4,NANJING,2,9.52
2025,8,Agosto,Caminhões,Elétricos,5,XCMG,2,9.52
2025,8,Agosto,Caminhões,Elétricos,6,VW TRUCK E BUS,1,4.76
2025,8,Agosto,Ônibus,Elétricos,1,INDUSCAR,15,36.59
2025,8,Agosto,Ônibus,Elétricos,2,M.BENZ,12,29.27
2025,8,Agosto,Ônibus,Elétricos,3,BYD,3,7.32
2025,8,Agosto,Motos,Elétricos,1,GCX,112,29.4
2025,8,Agosto,Motos,Elétricos,2,WATTS,51,13.39
2025,8,Agosto,Motos,Elétricos,3,SHINERAY,3,8.66
2025,8,Agosto,Motos,Elétricos,4,AIPAO,2,5.77
2025,8,Agosto,Motos,Elétricos,5,LEVA,20,5.25
2025,8,Agosto,Motos,Elétricos,6,MOTOCHEFE,19,4.99
2025,8,Agosto,Motos,Elétricos,7,SUPER SOCO,14,3.67
2025,8,Agosto,Motos,Elétricos,8,AIMA,12,3.15
2025,8,Agosto,Motos,Elétricos,9,MILETO,1,2.89
2025,8,Agosto,Motos,Elétricos,10,SHENGQI,1,2.89
2025,8,Agosto,Motos,Elétricos,11,LVNENG,10,2.62
2025,8,Agosto,Motos,Elétricos,12,SMARDA,9,2.36
2025,8,Agosto,Motos,Elétricos,13,WIZTEM,5,1.31
2025,8,Agosto,Motos,Elétricos,14,MANGOSTEEN,4,1.05
2025,8,Agosto,Motos,Elétricos,15,WUXI,4,1.05
2025,9,Setembro,Autos,Híbridos,1,BYD,4243,22.38
2025,9,Setembro,Autos,Elétricos,1,BYD,5687,70.88
2025,9,Setembro,Autos,Híbridos,2,FIAT,4011,21.16
2025,9,Setembro,Autos,Elétricos,2,VOLVO,430,5.36
2025,9,Setembro,Autos,Híbridos,3,GWM,3232,17.05
2025,9,Setembro,Autos,Elétricos,3,GWM,429,5.35
2025,9,Setembro,Autos,Híbridos,4,TOYOTA,3036,16.02
2025,9,Setembro,Autos,Elétricos,4,GM,421,5.25
2025,9,Setembro,Autos,Híbridos,5,M.BENZ,833,4.39
2025,9,Setembro,Autos,Elétricos,5,GEELY,196,2.44
2025,9,Setembro,Autos,Híbridos,6,OMODA JAECOO,740,3.9
2025,9,Setembro,Autos,Elétricos,6,GAC,194,2.42
2025,9,Setembro,Autos,Híbridos,7,VOLVO,472,2.49
2025,9,Setembro,Autos,Elétricos,7,OMODA JAECOO,98,1.22
2025,9,Setembro,Autos,Híbridos,8,CAOA CHERY,433,2.28
2025,9,Setembro,Autos,Elétricos,8,ZEEKR,92,1.15
2025,9,Setembro,Autos,Híbridos,9,GAC,374,1.97
2025,9,Setembro,Autos,Elétricos,9,BMW,87,1.08
2025,9,Setembro,Autos,Híbridos,10,PEUGEOT,330,1.74
2025,9,Setembro,Autos,Elétricos,10,NISSAN,7,0.96
2025,9,Setembro,Autos,Híbridos,11,BMW,294,1.55
2025,9,Setembro,Autos,Elétricos,11,RENAULT,74,0.92
2025,9,Setembro,Autos,Híbridos,12,PORSCHE,190,1.0
2025,9,Setembro,Autos,Elétricos,12,JAC,58,0.72
2025,9,Setembro,Autos,Híbridos,13,LAND ROVER,173,0.91
2025,9,Setembro,Autos,Elétricos,13,MINI,46,0.57
2025,9,Setembro,Autos,Híbridos,14,MITSUBISHI,157,0.83
2025,9,Setembro,Autos,Elétricos,14,PORSCHE,31,0.39
2025,9,Setembro,Autos,Híbridos,15,HONDA,129,0.68
2025,9,Setembro,Autos,Elétricos,15,AUDI,26,0.32
2025,9,Setembro,Com. Leves,Elétricos,1,FOTON,2,33.33
2025,9,Setembro,Com. Leves,Elétricos,1,BYD,90,66.67
2025,9,Setembro,Com. Leves,Elétricos,2,ARROW,1,16.67
2025,9,Setembro,Com. Leves,Elétricos,2,FOTON,41,30.37
2025,9,Setembro,Com. Leves,Elétricos,3,GMC,1,16.67
2025,9,Setembro,Com. Leves,Elétricos,3,FORD,2,1.48
2025,9,Setembro,Com. Leves,Elétricos,4,RENAULT,1,16.67
2025,9,Setembro,Com. Leves,Elétricos,4,TOYOTA,2,1.48
2025,9,Setembro,Com. Leves,Elétricos,5,RIDDARA,1,16.67
2025,9,Setembro,Caminhões,Elétricos,1,JAC,16,66.67
2025,9,Setembro,Caminhões,Elétricos,2,SANY,3,12.5
2025,9,Setembro,Caminhões,Elétricos,3,FOTON,2,8.33
2025,9,Setembro,Caminhões,Elétricos,4,NANJING,2,8.33
2025,9,Setembro,Ônibus,Elétricos,1,M.BENZ,34,80.95
2025,9,Setembro,Ônibus,Elétricos,2,BYD,6,14.29
2025,9,Setembro,Ônibus,Elétricos,3,INDUSCAR,1,2.38
2025,9,Setembro,Ônibus,Elétricos,4,VOLVO,1,2.38
2025,9,Setembro,Motos,Elétricos,1,GCX,131,28.79
2025,9,Setembro,Motos,Elétricos,2,SHINERAY,4,9.67
2025,9,Setembro,Motos,Elétricos,3,SUPER SOCO,4,9.67
2025,9,Setembro,Motos,Elétricos,4,WATTS,36,7.91
2025,9,Setembro,Motos,Elétricos,5,LEVA,3,7.25
2025,9,Setembro,Motos,Elétricos,6,AIPAO,20,4.4
2025,9,Setembro,Motos,Elétricos,7,MOTOCHEFE,20,4.4
2025,9,Setembro,Motos,Elétricos,8,SHENGQI,13,2.86
2025,9,Setembro,Motos,Elétricos,9,LUYUAN,10,2.2
2025,9,Setembro,Motos,Elétricos,10,LVNENG,8,1.76
2025,9,Setembro,Motos,Elétricos,11,SMARDA,8,1.76
2025,9,Setembro,Motos,Elétricos,12,CHANGLI,7,1.54
2025,9,Setembro,Motos,Elétricos,13,CICLOWAY,6,1.32
2025,9,Setembro,Motos,Elétricos,14,WUXI,6,1.32
2025,9,Setembro,Motos,Elétricos,15,AIMA,5,1.1
2025,10,Outubro,Autos,Híbridos,1,BYD,4735,24.03
2025,10,Outubro,Autos,Elétricos,1,BYD,5391,68.89
2025,10,Outubro,Autos,Híbridos,2,GWM,3995,20.28
2025,10,Outubro,Autos,Elétricos,2,VOLVO,505,6.45
2025,10,Outubro,Autos,Híbridos,3,FIAT,3938,19.99
2025,10,Outubro,Autos,Elétricos,3,GM,492,6.29
2025,10,Outubro,Autos,Híbridos,4,TOYOTA,1884,9.56
2025,10,Outubro,Autos,Elétricos,4,GWM,343,4.38
2025,10,Outubro,Autos,Híbridos,5,M.BENZ,962,4.88
2025,10,Outubro,Autos,Elétricos,5,GEELY,265,3.39
2025,10,Outubro,Autos,Híbridos,6,OMODA JAECOO,778,3.95
2025,10,Outubro,Autos,Elétricos,6,GAC,218,2.79
2025,10,Outubro,Autos,Híbridos,7,CAOA CHERY,688,3.49
2025,10,Outubro,Autos,Elétricos,7,RENAULT,127,1.62
2025,10,Outubro,Autos,Híbridos,8,PEUGEOT,495,2.51
2025,10,Outubro,Autos,Elétricos,8,OMODA JAECOO,83,1.06
2025,10,Outubro,Autos,Híbridos,9,VOLVO,473,2.4
2025,10,Outubro,Autos,Elétricos,9,BMW,71,0.91
2025,10,Outubro,Autos,Híbridos,10,GAC,381,1.93
2025,10,Outubro,Autos,Elétricos,10,NETA,57,0.73
2025,10,Outubro,Autos,Híbridos,11,BMW,365,1.85
2025,10,Outubro,Autos,Elétricos,11,MINI,49,0.63
2025,10,Outubro,Autos,Híbridos,12,PORSCHE,212,1.08
2025,10,Outubro,Autos,Elétricos,12,ZEEKR,48,0.61
2025,10,Outubro,Autos,Híbridos,13,LAND ROVER,173,0.88
2025,10,Outubro,Autos,Elétricos,13,LEAPMOTOR,47,0.6
2025,10,Outubro,Autos,Híbridos,14,LEXUS,139,0.71
2025,10,Outubro,Autos,Elétricos,14,PORSCHE,42,0.54
2025,10,Outubro,Autos,Híbridos,15,MITSUBISHI,120,0.61
2025,10,Outubro,Autos,Elétricos,15,JAC,37,0.47
2025,10,Outubro,Com. Leves,Elétricos,1,RADAR,4,57.89
2025,10,Outubro,Com. Leves,Elétricos,2,FOTON,1,14.47
2025,10,Outubro,Com. Leves,Elétricos,3,FEVER,7,9.21
2025,10,Outubro,Com. Leves,Elétricos,1,BYD,67,45.89
2025,10,Outubro,Com. Leves,Elétricos,4,M.BENZ,6,7.89
2025,10,Outubro,Com. Leves,Elétricos,2,FOTON,58,39.73
2025,10,Outubro,Com. Leves,Elétricos,5,JAC,4,5.26
2025,10,Outubro,Com. Leves,Elétricos,3,FORD,21,14.38
2025,10,Outubro,Com. Leves,Elétricos,6,HIGER,2,2.63
2025,10,Outubro,Com. Leves,Elétricos,7,ARROW,1,1.32
2025,10,Outubro,Com. Leves,Elétricos,8,IVECO,1,1.32
2025,10,Outubro,Caminhões,Elétricos,1,JAC,5,35.71
2025,10,Outubro,Caminhões,Elétricos,2,FOTON,3,21.43
2025,10,Outubro,Caminhões,Elétricos,3,M.BENZ,2,14.29
2025,10,Outubro,Caminhões,Elétricos,1,FOTON,1,100.0
2025,10,Outubro,Caminhões,Elétricos,5,SANY,1,7.14
2025,10,Outubro,Caminhões,Elétricos,6,SCANIA,1,7.14
2025,10,Outubro,Caminhões,Elétricos,7,VW TRUCK E BUS,1,7.14
2025,10,Outubro,Ônibus,Elétricos,1,INDUSCAR,45,51.72
2025,10,Outubro,Ônibus,Elétricos,2,M.BENZ,2,25.29
2025,10,Outubro,Ônibus,Elétricos,3,HIGER,17,19.54
2025,10,Outubro,Ônibus,Elétricos,4,BYD,2,2.3
2025,10,Outubro,Ônibus,Elétricos,5,VW TRUCK E BUS,1,1.15
2025,10,Outubro,Motos,Elétricos,1,GCX,98,23.22
2025,10,Outubro,Motos,Elétricos,2,WATTS,42,9.95
2025,10,Outubro,Motos,Elétricos,3,SHINERAY,36,8.53
2025,10,Outubro,Motos,Elétricos,4,LEVA,32,7.58
2025,10,Outubro,Motos,Elétricos,5,MOTOCHEFE,30,7.11
2025,10,Outubro,Motos,Elétricos,6,AIPAO,20,4.74
2025,10,Outubro,Motos,Elétricos,7,SHENGQI,16,3.79
2025,10,Outubro,Motos,Elétricos,8,SMARDA,16,3.79
2025,10,Outubro,Motos,Elétricos,9,FUTENGDA,10,2.37
2025,10,Outubro,Motos,Elétricos,10,CHANGLI,9,2.13
2025,10,Outubro,Motos,Elétricos,11,LVNENG,9,2.13
2025,10,Outubro,Motos,Elétricos,12,ROTOM,9,2.13
2025,10,Outubro,Motos,Elétricos,13,SUPER SOCO,8,1.9
2025,10,Outubro,Motos,Elétricos,14,TENGHUI,8,1.9
2025,10,Outubro,Motos,Elétricos,15,WANGPAI,7,1.66
2025,11,Novembro,Autos,Híbridos,1,BYD,5240,28.16
2025,11,Novembro,Autos,Elétricos,1,BYD,4485,62.27
2025,11,Novembro,Autos,Híbridos,2,GWM,3809,20.47
2025,11,Novembro,Autos,Elétricos,2,GEELY,985,13.68
2025,11,Novembro,Autos,Híbridos,3,FIAT,2986,16.05
2025,11,Novembro,Autos,Elétricos,3,VOLVO,350,4.86
2025,11,Novembro,Autos,Híbridos,4,TOYOTA,1953,10.49
2025,11,Novembro,Autos,Elétricos,4,GM,296,4.11
2025,11,Novembro,Autos,Híbridos,5,OMODA JAECOO,1146,6.16
2025,11,Novembro,Autos,Elétricos,5,RENAULT,296,4.11
2025,11,Novembro,Autos,Híbridos,6,M.BENZ,700,3.76
2025,11,Novembro,Autos,Elétricos,6,GWM,214,2.97
2025,11,Novembro,Autos,Híbridos,7,CAOA CHERY,580,3.12
2025,11,Novembro,Autos,Elétricos,7,GAC,186,2.58
2025,11,Novembro,Autos,Híbridos,8,BMW,385,2.07
2025,11,Novembro,Autos,Elétricos,8,BMW,78,1.08
2025,11,Novembro,Autos,Híbridos,9,GAC,355,1.91
2025,11,Novembro,Autos,Elétricos,9,OMODA JAECOO,67,0.93
2025,11,Novembro,Autos,Híbridos,10,PEUGEOT,353,1.9
2025,11,Novembro,Autos,Elétricos,10,JAC,57,0.79
2025,11,Novembro,Autos,Híbridos,11,VOLVO,334,1.79
2025,11,Novembro,Autos,Elétricos,11,AUDI,37,0.51
2025,11,Novembro,Autos,Híbridos,12,MITSUBISHI,148,0.8
2025,11,Novembro,Autos,Elétricos,12,PORSCHE,36,0.5
2025,11,Novembro,Autos,Híbridos,13,PORSCHE,130,0.7
2025,11,Novembro,Autos,Elétricos,13,MINI,3,0.46
2025,11,Novembro,Autos,Híbridos,14,LAND ROVER,110,0.59
2025,11,Novembro,Autos,Elétricos,14,NETA,2,0.31
2025,11,Novembro,Autos,Híbridos,15,LEXUS,87,0.47
2025,11,Novembro,Autos,Elétricos,15,ZEEKR,21,0.29
2025,11,Novembro,Com. Leves,Híbridos,1,FORD,139,50.55
2025,11,Novembro,Com. Leves,Elétricos,1,FEVER,20,68.97
2025,11,Novembro,Com. Leves,Híbridos,2,BYD,82,29.82
2025,11,Novembro,Com. Leves,Elétricos,2,JAC,8,27.59
2025,11,Novembro,Com. Leves,Híbridos,3,FOTON,54,19.64
2025,11,Novembro,Com. Leves,Elétricos,3,ARROW,1,3.45
2025,11,Novembro,Caminhões,Elétricos,1,NANJING,16,47.06
2025,11,Novembro,Caminhões,Elétricos,2,FOTON,9,26.47
2025,11,Novembro,Caminhões,Elétricos,3,JAC,7,20.59
2025,11,Novembro,Caminhões,Elétricos,4,FUSO,1,2.94
2025,11,Novembro,Caminhões,Elétricos,5,XCMG,1,2.94
2025,11,Novembro,Ônibus,Elétricos,1,M.BENZ,16,61.54
2025,11,Novembro,Ônibus,Elétricos,2,VW TRUCK E BUS,9,34.62
2025,11,Novembro,Ônibus,Elétricos,3,HIGER,1,3.85
2025,11,Novembro,Motos,Elétricos,1,GCX,140,27.45
2025,11,Novembro,Motos,Elétricos,2,WATTS,42,8.24
2025,11,Novembro,Motos,Elétricos,3,SHINERAY,41,8.04
2025,11,Novembro,Motos,Elétricos,4,LEVA,38,7.45
2025,11,Novembro,Motos,Elétricos,5,MOTOCHEFE,3,6.47
2025,11,Novembro,Motos,Elétricos,6,AIPAO,23,4.51
2025,11,Novembro,Motos,Elétricos,7,SMARDA,23,4.51
2025,11,Novembro,Motos,Elétricos,8,FUSCO,15,2.94
2025,11,Novembro,Motos,Elétricos,9,SHENGQI,14,2.75
2025,11,Novembro,Motos,Elétricos,10,LVNENG,1,2.16
2025,11,Novembro,Motos,Elétricos,11,SHANSU,1,2.16
2025,11,Novembro,Motos,Elétricos,12,AIMA,10,1.96
2025,11,Novembro,Motos,Elétricos,13,JIANGSU,8,1.57
2025,11,Novembro,Motos,Elétricos,14,MANGOSTEEN,8,1.57
2025,11,Novembro,Motos,Elétricos,15,CYKLOS,7,1.37
2025,12,Dezembro,Autos,Híbridos,1,BYD,8429,30.3
2025,12,Dezembro,Autos,Elétricos,1,BYD,7099,61.97
2025,12,Dezembro,Autos,Híbridos,2,TOYOTA,5189,18.65
2025,12,Dezembro,Autos,Elétricos,2,GEELY,1731,15.11
2025,12,Dezembro,Autos,Híbridos,3,GWM,3998,14.37
2025,12,Dezembro,Autos,Elétricos,3,GM,613,5.35
2025,12,Dezembro,Autos,Híbridos,4,FIAT,3428,12.32
2025,12,Dezembro,Autos,Elétricos,4,VOLVO,575,5.02
2025,12,Dezembro,Autos,Híbridos,5,OMODA JAECOO,1875,6.74
2025,12,Dezembro,Autos,Elétricos,5,GWM,372,3.25
2025,12,Dezembro,Autos,Híbridos,6,M.BENZ,740,2.66
2025,12,Dezembro,Autos,Elétricos,6,GAC,272,2.37
2025,12,Dezembro,Autos,Híbridos,7,PEUGEOT,661,2.38
2025,12,Dezembro,Autos,Elétricos,7,RENAULT,197,1.72
2025,12,Dezembro,Autos,Híbridos,8,CAOA CHERY,648,2.33
2025,12,Dezembro,Autos,Elétricos,8,MG,89,0.78
2025,12,Dezembro,Autos,Híbridos,9,VOLVO,565,2.03
2025,12,Dezembro,Autos,Elétricos,9,BMW,70,0.61
2025,12,Dezembro,Autos,Híbridos,10,BMW,425,1.53
2025,12,Dezembro,Autos,Elétricos,10,OMODA JAECOO,68,0.59
2025,12,Dezembro,Autos,Híbridos,11,GAC,406,1.46
2025,12,Dezembro,Autos,Elétricos,11,HYUNDAI,67,0.58
2025,12,Dezembro,Autos,Híbridos,12,LEAPMOTOR,385,1.38
2025,12,Dezembro,Autos,Elétricos,12,MINI,61,0.53
2025,12,Dezembro,Autos,Híbridos,13,PORSCHE,254,0.91
2025,12,Dezembro,Autos,Elétricos,13,ZEEKR,60,0.52
2025,12,Dezembro,Autos,Híbridos,14,LEXUS,168,0.6
2025,12,Dezembro,Autos,Elétricos,14,LEAPMOTOR,46,0.4
2025,12,Dezembro,Autos,Híbridos,15,KIA,161,0.58
2025,12,Dezembro,Autos,Elétricos,15,PORSCHE,36,0.31
2025,12,Dezembro,Com. Leves,Elétricos,1,M.BENZ,27,42.19
2025,12,Dezembro,Com. Leves,Elétricos,1,FORD,247,61.75
2025,12,Dezembro,Com. Leves,Elétricos,2,BYD,129,32.25
2025,12,Dezembro,Com. Leves,Elétricos,3,FOTON,24,6.0
2025,12,Dezembro,Com. Leves,Elétricos,5,FORD,1,1.56
2025,12,Dezembro,Caminhões,Elétricos,1,JAC,36,69.23
2025,12,Dezembro,Caminhões,Elétricos,2,FOTON,10,19.23
2025,12,Dezembro,Caminhões,Elétricos,3,VW TRUCK E BUS,5,9.62
2025,12,Dezembro,Caminhões,Elétricos,4,NANJING,1,1.92
2025,12,Dezembro,Ônibus,Elétricos,1,INDUSCAR,63,34.62
2025,12,Dezembro,Ônibus,Elétricos,2,BYD,53,29.12
2025,12,Dezembro,Ônibus,Elétricos,3,VW TRUCK E BUS,41,22.53
2025,12,Dezembro,Ônibus,Elétricos,4,VOLVO,18,9.89
2025,12,Dezembro,Ônibus,Elétricos,5,M.BENZ,7,3.85
2025,12,Dezembro,Motos,Elétricos,1,GCX,246,27.06
2025,12,Dezembro,Motos,Elétricos,2,VMOTO,150,16.5
2025,12,Dezembro,Motos,Elétricos,3,SHINERAY,87,9.57
2025,12,Dezembro,Motos,Elétricos,4,MOTOCHEFE,46,5.06
2025,12,Dezembro,Motos,Elétricos,5,AIPAO,45,4.95
2025,12,Dezembro,Motos,Elétricos,6,WATTS,45,4.95
2025,12,Dezembro,Motos,Elétricos,7,SMARDA,3,3.63
2025,12,Dezembro,Motos,Elétricos,8,SHENGQI,28,3.08
2025,12,Dezembro,Motos,Elétricos,9,LEVA,27,2.97
2025,12,Dezembro,Motos,Elétricos,10,SHANSU,18,1.98
2025,12,Dezembro,Motos,Elétricos,11,BRILSTAR,17,1.87
2025,12,Dezembro,Motos,Elétricos,12,TAILING,17,1.87
2025,12,Dezembro,Motos,Elétricos,13,LUYUAN,16,1.76
2025,12,Dezembro,Motos,Elétricos,14,AIMA,15,1.65
2025,12,Dezembro,Motos,Elétricos,15,FUSCO,13,1.43
2026,1,Janeiro,Autos,Híbridos,1,BYD,4642,24.44
2026,1,Janeiro,Autos,Elétricos,1,BYD,5113,62.37
2026,1,Janeiro,Autos,Híbridos,2,TOYOTA,3944,20.76
2026,1,Janeiro,Autos,Elétricos,2,GEELY,1337,16.31
2026,1,Janeiro,Autos,Híbridos,3,GWM,3096,16.3
2026,1,Janeiro,Autos,Elétricos,3,GM,396,4.83
2026,1,Janeiro,Autos,Híbridos,4,FIAT,2206,11.61
2026,1,Janeiro,Autos,Elétricos,4,VOLVO,390,4.76
2026,1,Janeiro,Autos,Híbridos,5,OMODA JAECOO,1648,8.68
2026,1,Janeiro,Autos,Elétricos,5,GAC,220,2.68
2026,1,Janeiro,Autos,Híbridos,6,GAC,488,2.57
2026,1,Janeiro,Autos,Elétricos,6,GWM,193,2.35
2026,1,Janeiro,Autos,Híbridos,7,M.BENZ,470,2.47
2026,1,Janeiro,Autos,Elétricos,7,MG,103,1.26
2026,1,Janeiro,Autos,Híbridos,8,LEAPMOTOR,408,2.15
2026,1,Janeiro,Autos,Elétricos,8,RENAULT,90,1.1
2026,1,Janeiro,Autos,Híbridos,9,PEUGEOT,348,1.83
2026,1,Janeiro,Autos,Elétricos,9,ZEEKR,53,0.65
2026,1,Janeiro,Autos,Híbridos,10,VOLVO,328,1.73
2026,1,Janeiro,Autos,Elétricos,10,JAC,42,0.51
2026,1,Janeiro,Autos,Híbridos,11,BMW,307,1.62
2026,1,Janeiro,Autos,Elétricos,11,OMODA JAECOO,39,0.48
2026,1,Janeiro,Autos,Híbridos,12,CAOA CHERY,236,1.24
2026,1,Janeiro,Autos,Elétricos,12,BMW,37,0.45
2026,1,Janeiro,Autos,Híbridos,13,LAND ROVER,160,0.84
2026,1,Janeiro,Autos,Elétricos,13,MINI,37,0.45
2026,1,Janeiro,Autos,Híbridos,14,PORSCHE,159,0.84
2026,1,Janeiro,Autos,Elétricos,14,LEAPMOTOR,34,0.41
2026,1,Janeiro,Autos,Híbridos,15,DENZA,130,0.68
2026,1,Janeiro,Autos,Elétricos,15,NETA,32,0.39
2026,1,Janeiro,Com. Leves,Elétricos,1,FEVER,4,17.39
2026,1,Janeiro,Com. Leves,Elétricos,2,JAC,4,17.39
2026,1,Janeiro,Com. Leves,Elétricos,3,RADAR,4,17.39
2026,1,Janeiro,Com. Leves,Elétricos,1,FORD,105,60.0
2026,1,Janeiro,Com. Leves,Elétricos,2,BYD,46,26.29
2026,1,Janeiro,Com. Leves,Elétricos,3,FOTON,24,13.71
2026,1,Janeiro,Com. Leves,Elétricos,7,SOKON,2,8.7
2026,1,Janeiro,Com. Leves,Elétricos,8,FOTON,1,4.35
2026,1,Janeiro,Com. Leves,Elétricos,9,M.BENZ,1,4.35
2026,1,Janeiro,Caminhões,Elétricos,1,JAC,13,92.86
2026,1,Janeiro,Caminhões,Elétricos,1,FOTON,1,100.0
2026,1,Janeiro,Caminhões,Elétricos,2,FOTON,1,7.14
2026,1,Janeiro,Ônibus,Elétricos,1,VOLVO,3,37.5
2026,1,Janeiro,Ônibus,Elétricos,2,INDUSCAR,2,25.0
2026,1,Janeiro,Ônibus,Elétricos,3,MARCOPOLO,2,25.0
2026,1,Janeiro,Ônibus,Elétricos,4,CRRC,1,12.5
2026,1,Janeiro,Motos,Elétricos,1,GCX,317,21.94
2026,1,Janeiro,Motos,Elétricos,2,VMOTO,297,20.55
2026,1,Janeiro,Motos,Elétricos,3,SHINERAY,113,7.82
2026,1,Janeiro,Motos,Elétricos,4,AIPAO,75,5.19
2026,1,Janeiro,Motos,Elétricos,5,MOTOCHEFE,65,4.5
2026,1,Janeiro,Motos,Elétricos,6,MILETO,60,4.15
2026,1,Janeiro,Motos,Elétricos,7,SMARDA,54,3.74
2026,1,Janeiro,Motos,Elétricos,1,YAMAHA,12,100.0
2026,1,Janeiro,Motos,Elétricos,9,LEVA,41,2.84
2026,1,Janeiro,Motos,Elétricos,10,WATTS,40,2.77
2026,1,Janeiro,Motos,Elétricos,11,TAILING,27,1.87
2026,1,Janeiro,Motos,Elétricos,12,BRILSTAR,23,1.59
2026,1,Janeiro,Motos,Elétricos,13,LUYUAN,2,1.52
2026,1,Janeiro,Motos,Elétricos,14,SHANSU,19,1.31
2026,1,Janeiro,Motos,Elétricos,15,MANGOSTEEN,18,1.25
2026,2,Fevereiro,Autos,Híbridos,1,BYD,4620,24.0
2026,2,Fevereiro,Autos,Elétricos,1,BYD,6759,78.1
2026,2,Fevereiro,Autos,Híbridos,2,TOYOTA,4261,22.14
2026,2,Fevereiro,Autos,Elétricos,2,GM,443,5.12
2026,2,Fevereiro,Autos,Híbridos,3,GWM,3742,19.44
2026,2,Fevereiro,Autos,Elétricos,3,GEELY,422,4.88
2026,2,Fevereiro,Autos,Híbridos,4,FIAT,1798,9.34
2026,2,Fevereiro,Autos,Elétricos,4,GWM,226,2.61
2026,2,Fevereiro,Autos,Híbridos,5,OMODA JAECOO,1772,9.21
2026,2,Fevereiro,Autos,Elétricos,5,VOLVO,183,2.11
2026,2,Fevereiro,Autos,Híbridos,6,M.BENZ,513,2.66
2026,2,Fevereiro,Autos,Elétricos,6,GAC,158,1.83
2026,2,Fevereiro,Autos,Híbridos,7,PEUGEOT,336,1.75
2026,2,Fevereiro,Autos,Elétricos,7,MG,114,1.32
2026,2,Fevereiro,Autos,Híbridos,8,BMW,334,1.74
2026,2,Fevereiro,Autos,Elétricos,8,OMODA JAECOO,62,0.72
2026,2,Fevereiro,Autos,Híbridos,9,GAC,309,1.61
2026,2,Fevereiro,Autos,Elétricos,9,ZEEKR,61,0.7
2026,2,Fevereiro,Autos,Híbridos,10,LEAPMOTOR,297,1.54
2026,2,Fevereiro,Autos,Elétricos,10,RENAULT,48,0.55
2026,2,Fevereiro,Autos,Híbridos,11,VOLVO,210,1.09
2026,2,Fevereiro,Autos,Elétricos,11,MINI,4,0.51
2026,2,Fevereiro,Autos,Híbridos,12,PORSCHE,167,0.87
2026,2,Fevereiro,Autos,Elétricos,12,JAC,32,0.37
2026,2,Fevereiro,Autos,Híbridos,13,LAND ROVER,152,0.79
2026,2,Fevereiro,Autos,Elétricos,13,BMW,29,0.34
2026,2,Fevereiro,Autos,Híbridos,14,JETOUR,126,0.65
2026,2,Fevereiro,Autos,Elétricos,14,LEAPMOTOR,20,0.23
2026,2,Fevereiro,Autos,Híbridos,15,DENZA,124,0.64
2026,2,Fevereiro,Autos,Elétricos,15,PORSCHE,16,0.18
2026,2,Fevereiro,Com. Leves,Híbridos,1,FORD,7,44.77
2026,2,Fevereiro,Com. Leves,Elétricos,1,JAC,7,70.0
2026,2,Fevereiro,Com. Leves,Híbridos,2,BYD,51,29.65
2026,2,Fevereiro,Com. Leves,Elétricos,2,FARIZON,2,20.0
2026,2,Fevereiro,Com. Leves,Híbridos,3,FOTON,4,25.58
2026,2,Fevereiro,Com. Leves,Elétricos,3,HITECH E,1,10.0
2026,2,Fevereiro,Caminhões,Elétricos,1,JAC,16,59.26
2026,2,Fevereiro,Caminhões,Elétricos,2,FOTON,4,14.81
2026,2,Fevereiro,Caminhões,Elétricos,3,VW TRUCK E BUS,3,11.11
2026,2,Fevereiro,Caminhões,Elétricos,4,SANY,2,7.41
2026,2,Fevereiro,Caminhões,Elétricos,5,NANJING,1,3.7
2026,2,Fevereiro,Caminhões,Elétricos,6,TESLA,1,3.7
2026,2,Fevereiro,Ônibus,Elétricos,1,INDUSCAR,50,60.24
2026,2,Fevereiro,Ônibus,Elétricos,2,BYD,2,26.51
2026,2,Fevereiro,Ônibus,Elétricos,3,MARCOPOLO,10,12.05
2026,2,Fevereiro,Ônibus,Elétricos,4,AGRALE,1,1.2
2026,2,Fevereiro,Motos,Elétricos,1,GCX,223,25.99
2026,2,Fevereiro,Motos,Elétricos,2,VMOTO,140,16.32
2026,2,Fevereiro,Motos,Elétricos,3,SHINERAY,76,8.86
2026,2,Fevereiro,Motos,Elétricos,4,MOTOCHEFE,48,5.59
2026,2,Fevereiro,Motos,Elétricos,5,SMARDA,48,5.59
2026,2,Fevereiro,Motos,Elétricos,6,AIPAO,46,5.36
2026,2,Fevereiro,Motos,Elétricos,7,LEVA,4,5.13
2026,2,Fevereiro,Motos,Elétricos,1,YAMAHA,249,100.0
2026,2,Fevereiro,Motos,Elétricos,9,WATTS,24,2.8
2026,2,Fevereiro,Motos,Elétricos,10,TAILING,16,1.86
2026,2,Fevereiro,Motos,Elétricos,11,SHANSU,15,1.75
2026,2,Fevereiro,Motos,Elétricos,12,WANGPAI,15,1.75
2026,2,Fevereiro,Motos,Elétricos,13,MANGOSTEEN,12,1.4
2026,2,Fevereiro,Motos,Elétricos,14,AIMA,1,1.28
2026,2,Fevereiro,Motos,Elétricos,15,BRILSTAR,9,1.05
2026,3,Março,Autos,Híbridos,1,BYD,6376,24.88
2026,3,Março,Autos,Elétricos,1,BYD,9901,70.77
2026,3,Março,Autos,Híbridos,2,TOYOTA,5028,19.62
2026,3,Março,Autos,Elétricos,2,GEELY,1375,9.83
2026,3,Março,Autos,Híbridos,3,GWM,4440,17.32
2026,3,Março,Autos,Elétricos,3,GM,982,7.02
2026,3,Março,Autos,Híbridos,4,FIAT,2540,9.91
2026,3,Março,Autos,Elétricos,4,VOLVO,441,3.15
2026,3,Março,Autos,Híbridos,5,OMODA JAECOO,2382,9.29
2026,3,Março,Autos,Elétricos,5,GWM,313,2.24
2026,3,Março,Autos,Híbridos,6,M.BENZ,709,2.77
2026,3,Março,Autos,Elétricos,6,MG,300,2.14
2026,3,Março,Autos,Híbridos,7,JETOUR,542,2.11
2026,3,Março,Autos,Elétricos,7,GAC,208,1.49
2026,3,Março,Autos,Híbridos,8,PEUGEOT,475,1.85
2026,3,Março,Autos,Elétricos,8,ZEEKR,79,0.56
2026,3,Março,Autos,Híbridos,9,LEAPMOTOR,466,1.82
2026,3,Março,Autos,Elétricos,9,OMODA JAECOO,68,0.49
2026,3,Março,Autos,Híbridos,10,GAC,443,1.73
2026,3,Março,Autos,Elétricos,10,RENAULT,68,0.49
2026,3,Março,Autos,Híbridos,11,BMW,431,1.68
2026,3,Março,Autos,Elétricos,11,MINI,62,0.44
2026,3,Março,Autos,Híbridos,12,VOLVO,377,1.47
2026,3,Março,Autos,Elétricos,12,NETA,57,0.41
2026,3,Março,Autos,Híbridos,13,PORSCHE,234,0.91
2026,3,Março,Autos,Elétricos,13,LEAPMOTOR,50,0.36
2026,3,Março,Autos,Híbridos,14,LAND ROVER,224,0.87
2026,3,Março,Autos,Elétricos,14,BMW,31,0.22
2026,3,Março,Autos,Híbridos,15,JEEP,196,0.76
2026,3,Março,Autos,Elétricos,15,PORSCHE,2,0.16
2026,3,Março,Com. Leves,Elétricos,1,FEVER,20,33.9
2026,3,Março,Com. Leves,Elétricos,2,M.BENZ,17,28.81
2026,3,Março,Com. Leves,Elétricos,3,FARIZON,1,18.64
2026,3,Março,Com. Leves,Elétricos,4,FOTON,3,5.08
2026,3,Março,Com. Leves,Elétricos,1,FORD,159,48.33
2026,3,Março,Com. Leves,Elétricos,5,ARROW,2,3.39
2026,3,Março,Com. Leves,Elétricos,2,BYD,135,41.03
2026,3,Março,Com. Leves,Elétricos,6,JAC,2,3.39
2026,3,Março,Com. Leves,Elétricos,3,FOTON,35,10.64
2026,3,Março,Com. Leves,Elétricos,7,FORD,1,1.69
2026,3,Março,Com. Leves,Elétricos,8,HITECH E,1,1.69
2026,3,Março,Com. Leves,Elétricos,9,SOKON,1,1.69
2026,3,Março,Com. Leves,Elétricos,10,VW,1,1.69
2026,3,Março,Caminhões,Elétricos,1,JAC,25,64.1
2026,3,Março,Caminhões,Elétricos,2,FOTON,4,10.26
2026,3,Março,Caminhões,Elétricos,3,SANY,3,7.69
2026,3,Março,Caminhões,Elétricos,4,M.BENZ,2,5.13
2026,3,Março,Caminhões,Elétricos,5,NANJING,2,5.13
2026,3,Março,Caminhões,Elétricos,6,VW TRUCK E BUS,2,5.13
2026,3,Março,Caminhões,Elétricos,7,TESLA,1,2.56
2026,3,Março,Ônibus,Elétricos,1,INDUSCAR,43,57.33
2026,3,Março,Ônibus,Elétricos,2,M.BENZ,21,28.0
2026,3,Março,Ônibus,Elétricos,3,BYD,1,14.67
2026,3,Março,Motos,Elétricos,1,VMOTO,979,57.28
2026,3,Março,Motos,Elétricos,2,GCX,179,10.47
2026,3,Março,Motos,Elétricos,3,SHINERAY,135,7.9
2026,3,Março,Motos,Elétricos,4,LEVA,41,2.4
2026,3,Março,Motos,Elétricos,5,AIPAO,39,2.28
2026,3,Março,Motos,Elétricos,6,MOTOCHEFE,38,2.22
2026,3,Março,Motos,Elétricos,7,HORWIN,37,2.17
2026,3,Março,Motos,Elétricos,1,YAMAHA,811,99.88
2026,3,Março,Motos,Elétricos,8,SMARDA,35,2.05
2026,3,Março,Motos,Elétricos,2,MOBILLI,1,0.12
2026,3,Março,Motos,Elétricos,9,WATTS,29,1.7
2026,3,Março,Motos,Elétricos,10,SHENGQI,2,1.29
2026,3,Março,Motos,Elétricos,11,TAILING,18,1.05
2026,3,Março,Motos,Elétricos,12,YADEA,16,0.94
2026,3,Março,Motos,Elétricos,13,AIMA,10,0.59
2026,3,Março,Motos,Elétricos,14,FUSCO,10,0.59
2026,3,Março,Motos,Elétricos,15,LVNENG,10,0.59
2026,4,Abril,Autos,Híbridos,1,BYD,7973,30.94
2026,4,Abril,Autos,Elétricos,1,BYD,10425,59.68
2026,4,Abril,Autos,Híbridos,2,TOYOTA,4138,16.06
2026,4,Abril,Autos,Elétricos,2,GEELY,3761,21.53
2026,4,Abril,Autos,Híbridos,3,GWM,3292,12.78
2026,4,Abril,Autos,Elétricos,3,GM,1247,7.14
2026,4,Abril,Autos,Híbridos,4,OMODA JAECOO,2710,10.52
2026,4,Abril,Autos,Elétricos,4,VOLVO,419,2.4
2026,4,Abril,Autos,Híbridos,5,FIAT,2276,8.83
2026,4,Abril,Autos,Elétricos,5,GWM,365,2.09
2026,4,Abril,Autos,Híbridos,6,JEEP,1082,4.2
2026,4,Abril,Autos,Elétricos,6,GAC,360,2.06
2026,4,Abril,Autos,Híbridos,7,M.BENZ,691,2.68
2026,4,Abril,Autos,Elétricos,7,LEAPMOTOR,274,1.57
2026,4,Abril,Autos,Híbridos,8,JETOUR,623,2.42
2026,4,Abril,Autos,Elétricos,8,MG,235,1.35
2026,4,Abril,Autos,Híbridos,9,LEAPMOTOR,407,1.58
2026,4,Abril,Autos,Elétricos,9,OMODA JAECOO,115,0.66
2026,4,Abril,Autos,Híbridos,10,BMW,395,1.53
2026,4,Abril,Autos,Elétricos,10,ZEEKR,94,0.54
2026,4,Abril,Autos,Híbridos,11,GAC,369,1.43
2026,4,Abril,Autos,Elétricos,11,MINI,56,0.32
2026,4,Abril,Autos,Híbridos,12,VOLVO,340,1.32
2026,4,Abril,Autos,Elétricos,12,BMW,25,0.14
2026,4,Abril,Autos,Híbridos,13,PEUGEOT,284,1.1
2026,4,Abril,Autos,Elétricos,13,PORSCHE,2,0.13
2026,4,Abril,Autos,Híbridos,14,GEELY,242,0.94
2026,4,Abril,Autos,Elétricos,14,FORD,19,0.11
2026,4,Abril,Autos,Híbridos,15,LAND ROVER,181,0.7
2026,4,Abril,Autos,Elétricos,15,RENAULT,16,0.09
2026,4,Abril,Com. Leves,Elétricos,1,FARIZON,2,22.22
2026,4,Abril,Com. Leves,Elétricos,1,BYD,76,40.0
2026,4,Abril,Com. Leves,Elétricos,2,FOTON,2,22.22
2026,4,Abril,Com. Leves,Elétricos,2,FORD,60,31.58
2026,4,Abril,Com. Leves,Elétricos,3,M.BENZ,2,22.22
2026,4,Abril,Com. Leves,Elétricos,3,FOTON,53,27.89
2026,4,Abril,Com. Leves,Elétricos,4,RENAULT,2,22.22
2026,4,Abril,Com. Leves,Elétricos,4,M.BENZ,1,0.53
2026,4,Abril,Com. Leves,Elétricos,5,ARROW,1,11.11
2026,4,Abril,Caminhões,Elétricos,1,JAC,28,68.29
2026,4,Abril,Caminhões,Elétricos,2,FOTON,6,14.63
2026,4,Abril,Caminhões,Elétricos,3,SANY,6,14.63
2026,4,Abril,Caminhões,Elétricos,4,TESLA,1,2.44
2026,4,Abril,Ônibus,Elétricos,1,INDUSCAR,10,76.92
2026,4,Abril,Ônibus,Elétricos,2,BYD,3,23.08
2026,4,Abril,Motos,Elétricos,1,VMOTO,1317,66.72
2026,4,Abril,Motos,Elétricos,2,GCX,150,7.6
2026,4,Abril,Motos,Elétricos,3,SHINERAY,69,3.5
2026,4,Abril,Motos,Elétricos,4,HORWIN,56,2.84
2026,4,Abril,Motos,Elétricos,5,LEVA,38,1.93
2026,4,Abril,Motos,Elétricos,6,WATTS,37,1.87
2026,4,Abril,Motos,Elétricos,7,AIPAO,3,1.67
2026,4,Abril,Motos,Elétricos,1,YAMAHA,817,100.0
2026,4,Abril,Motos,Elétricos,9,AIMA,23,1.17
2026,4,Abril,Motos,Elétricos,10,MOTOCHEFE,21,1.06
2026,4,Abril,Motos,Elétricos,11,SHENGQI,15,0.76
2026,4,Abril,Motos,Elétricos,12,YADEA,13,0.66
2026,4,Abril,Motos,Elétricos,13,LUYUAN,1,0.56
2026,4,Abril,Motos,Elétricos,14,TAILING,1,0.56
2026,4,Abril,Motos,Elétricos,15,MORE RAN,9,0.46
2026,5,Maio,Autos,Híbridos,1,BYD,8430,27.79
2026,5,Maio,Autos,Elétricos,1,BYD,13244,63.44
2026,5,Maio,Autos,Híbridos,2,GWM,4975,16.4
2026,5,Maio,Autos,Elétricos,2,GEELY,4567,21.87
2026,5,Maio,Autos,Híbridos,3,TOYOTA,3951,13.02
2026,5,Maio,Autos,Elétricos,3,GM,1122,5.37
2026,5,Maio,Autos,Híbridos,4,OMODA JAECOO,3095,10.2
2026,5,Maio,Autos,Elétricos,4,GWM,490,2.35
2026,5,Maio,Autos,Híbridos,5,JEEP,2660,8.77
2026,5,Maio,Autos,Elétricos,5,LEAPMOTOR,476,2.28
2026,5,Maio,Autos,Híbridos,6,FIAT,2401,7.91
2026,5,Maio,Autos,Elétricos,6,VOLVO,347,1.66
2026,5,Maio,Autos,Híbridos,7,JETOUR,691,2.28
2026,5,Maio,Autos,Elétricos,7,MG,187,0.9
2026,5,Maio,Autos,Híbridos,8,GEELY,606,2.0
2026,5,Maio,Autos,Elétricos,8,GAC,185,0.89
2026,5,Maio,Autos,Híbridos,9,M.BENZ,581,1.92
2026,5,Maio,Autos,Elétricos,9,OMODA JAECOO,81,0.39
2026,5,Maio,Autos,Híbridos,10,LEAPMOTOR,417,1.37
2026,5,Maio,Autos,Elétricos,10,ZEEKR,49,0.23
2026,5,Maio,Autos,Híbridos,11,GAC,370,1.22
2026,5,Maio,Autos,Elétricos,11,MINI,39,0.19
2026,5,Maio,Autos,Híbridos,12,BMW,350,1.15
2026,5,Maio,Autos,Elétricos,12,BMW,27,0.13
2026,5,Maio,Autos,Híbridos,13,DENZA,333,1.1
2026,5,Maio,Autos,Elétricos,13,JAC,9,0.04
2026,5,Maio,Autos,Híbridos,14,VOLVO,298,0.98
2026,5,Maio,Autos,Elétricos,14,CADILLAC,7,0.03
2026,5,Maio,Autos,Híbridos,15,PEUGEOT,257,0.85
2026,5,Maio,Autos,Elétricos,15,NETA,7,0.03
2026,5,Maio,Com. Leves,Elétricos,1,RIDDARA,42,53.16
2026,5,Maio,Com. Leves,Elétricos,2,JAC,17,21.52
2026,5,Maio,Com. Leves,Elétricos,3,FOTON,10,12.66
2026,5,Maio,Com. Leves,Elétricos,1,FORD,193,63.49
2026,5,Maio,Com. Leves,Elétricos,2,FIAT,4,14.47
2026,5,Maio,Com. Leves,Elétricos,3,FOTON,37,12.17
2026,5,Maio,Com. Leves,Elétricos,4,BYD,30,9.87
2026,5,Maio,Com. Leves,Elétricos,8,FORD,1,1.27
2026,5,Maio,Com. Leves,Elétricos,9,PEUGEOT,1,1.27
2026,5,Maio,Com. Leves,Elétricos,10,RENAULT,1,1.27
2026,5,Maio,Caminhões,Elétricos,1,JAC,12,42.86
2026,5,Maio,Caminhões,Elétricos,2,SANY,9,32.14
2026,5,Maio,Caminhões,Elétricos,3,FOTON,5,17.86
2026,5,Maio,Caminhões,Elétricos,4,VW TRUCK E BUS,2,7.14
2026,5,Maio,Ônibus,Elétricos,1,BYD,59,44.7
2026,5,Maio,Ônibus,Elétricos,2,INDUSCAR,4,33.33
2026,5,Maio,Ônibus,Elétricos,3,M.BENZ,29,21.97
2026,5,Maio,Motos,Elétricos,1,VMOTO,572,55.21
2026,5,Maio,Motos,Elétricos,2,GCX,118,11.39
2026,5,Maio,Motos,Elétricos,3,WATTS,43,4.15
2026,5,Maio,Motos,Elétricos,4,SHINERAY,32,3.09
2026,5,Maio,Motos,Elétricos,5,LUYUAN,30,2.9
2026,5,Maio,Motos,Elétricos,6,MOTOCHEFE,28,2.7
2026,5,Maio,Motos,Elétricos,7,LEVA,27,2.61
2026,5,Maio,Motos,Elétricos,1,YAMAHA,1170,100.0
2026,5,Maio,Motos,Elétricos,9,AIMA,21,2.03
2026,5,Maio,Motos,Elétricos,10,SMARDA,21,2.03
2026,5,Maio,Motos,Elétricos,11,SHENGQI,19,1.83
2026,5,Maio,Motos,Elétricos,12,FUSCO,14,1.35
2026,5,Maio,Motos,Elétricos,13,YAMAHA,10,0.97
2026,5,Maio,Motos,Elétricos,14,SHANSU,8,0.77
2026,5,Maio,Motos,Elétricos,15,TAILING,7,0.68
2026,6,Junho,Autos,Híbridos,1,BYD,8519,26.16
2026,6,Junho,Autos,Elétricos,1,BYD,12699,60.42
2026,6,Junho,Autos,Híbridos,2,OMODA JAECOO,4794,14.72
2026,6,Junho,Autos,Elétricos,2,GEELY,4663,22.19
2026,6,Junho,Autos,Híbridos,3,GWM,4647,14.27
2026,6,Junho,Autos,Elétricos,3,GAC,1058,5.03
2026,6,Junho,Autos,Híbridos,4,TOYOTA,3648,11.2
2026,6,Junho,Autos,Elétricos,4,GM,871,4.14
2026,6,Junho,Autos,Híbridos,5,JEEP,3115,9.57
2026,6,Junho,Autos,Elétricos,5,LEAPMOTOR,512,2.44
2026,6,Junho,Autos,Híbridos,6,FIAT,1747,5.36
2026,6,Junho,Autos,Elétricos,6,GWM,383,1.82
2026,6,Junho,Autos,Híbridos,7,GEELY,1172,3.6
2026,6,Junho,Autos,Elétricos,7,VOLVO,339,1.61
2026,6,Junho,Autos,Híbridos,8,JETOUR,951,2.92
2026,6,Junho,Autos,Elétricos,8,MG,228,1.08
2026,6,Junho,Autos,Híbridos,9,M.BENZ,627,1.93
2026,6,Junho,Autos,Elétricos,9,ZEEKR,43,0.2
2026,6,Junho,Autos,Híbridos,10,DENZA,566,1.74
2026,6,Junho,Autos,Elétricos,10,OMODA JAECOO,38,0.18
2026,6,Junho,Autos,Híbridos,11,LEAPMOTOR,477,1.46
2026,6,Junho,Autos,Elétricos,11,NETA,31,0.15
2026,6,Junho,Autos,Híbridos,12,BMW,449,1.38
2026,6,Junho,Autos,Elétricos,12,MINI,26,0.12
2026,6,Junho,Autos,Híbridos,13,VOLVO,307,0.94
2026,6,Junho,Autos,Elétricos,13,LEXUS,20,0.1
2026,6,Junho,Autos,Híbridos,14,CAOA CHERY,305,0.94
2026,6,Junho,Autos,Elétricos,14,RENAULT,19,0.09
2026,6,Junho,Autos,Híbridos,15,GAC,270,0.83
2026,6,Junho,Autos,Elétricos,15,TOYOTA,19,0.09
2026,6,Junho,Com. Leves,Elétricos,1,FARIZON,64,57.66
2026,6,Junho,Com. Leves,Elétricos,2,FOTON,18,16.22
2026,6,Junho,Com. Leves,Elétricos,1,FIAT,511,63.01
2026,6,Junho,Com. Leves,Elétricos,2,FORD,205,25.28
2026,6,Junho,Com. Leves,Elétricos,3,FOTON,60,7.4
2026,6,Junho,Com. Leves,Elétricos,4,BYD,35,4.32
2026,6,Junho,Com. Leves,Elétricos,7,GMC,1,0.9
2026,6,Junho,Com. Leves,Elétricos,8,PEUGEOT,1,0.9
2026,6,Junho,Caminhões,Elétricos,1,FOTON,4,36.36
2026,6,Junho,Caminhões,Elétricos,2,JAC,4,36.36
2026,6,Junho,Caminhões,Elétricos,3,VW TRUCK E BUS,2,18.18
2026,6,Junho,Caminhões,Elétricos,4,SANY,1,9.09
2026,6,Junho,Ônibus,Elétricos,1,CRRC,90,32.37
2026,6,Junho,Ônibus,Elétricos,2,INDUSCAR,75,26.98
2026,6,Junho,Ônibus,Elétricos,3,M.BENZ,63,22.66
2026,6,Junho,Ônibus,Elétricos,4,VW TRUCK E BUS,20,7.19
2026,6,Junho,Ônibus,Elétricos,5,HIGER,15,5.4
2026,6,Junho,Ônibus,Elétricos,6,BYD,14,5.04
2026,6,Junho,Ônibus,Elétricos,7,VOLVO,1,0.36
2026,6,Junho,Motos,Elétricos,1,VMOTO,1333,78.37
2026,6,Junho,Motos,Elétricos,2,GCX,89,5.23
2026,6,Junho,Motos,Elétricos,3,SHINERAY,39,2.29
2026,6,Junho,Motos,Elétricos,4,MOTOCHEFE,29,1.7
2026,6,Junho,Motos,Elétricos,5,AIMA,21,1.23
2026,6,Junho,Motos,Elétricos,6,LEVA,21,1.23
2026,6,Junho,Motos,Elétricos,7,LUYUAN,20,1.18
2026,6,Junho,Motos,Elétricos,1,YAMAHA,1961,99.95
2026,6,Junho,Motos,Elétricos,9,SMARDA,14,0.82
2026,6,Junho,Motos,Elétricos,10,AIPAO,13,0.76
2026,6,Junho,Motos,Elétricos,11,SHENGQI,12,0.71
2026,6,Junho,Motos,Elétricos,12,BORAM,9,0.53
2026,6,Junho,Motos,Elétricos,13,FUSCO,7,0.41
2026,6,Junho,Motos,Elétricos,14,YAMAHA,7,0.41
2026,6,Junho,Motos,Elétricos,15,HORWIN,5,0.29
2026,7,Julho,Autos,Híbridos,1,BYD,8664,24.78
2026,7,Julho,Autos,Elétricos,1,BYD,14759,57.43
2026,7,Julho,Autos,Híbridos,2,GWM,6280,17.96
2026,7,Julho,Autos,Elétricos,2,GEELY,6222,24.21
2026,7,Julho,Autos,Híbridos,3,OMODA JAECOO,5741,16.42
2026,7,Julho,Autos,Elétricos,3,GAC,1416,5.51
2026,7,Julho,Autos,Híbridos,4,TOYOTA,3586,10.26
2026,7,Julho,Autos,Elétricos,4,GWM,1035,4.03
2026,7,Julho,Autos,Híbridos,5,FIAT,1714,4.9
2026,7,Julho,Autos,Elétricos,5,GM,592,2.3
2026,7,Julho,Autos,Híbridos,6,JEEP,1675,4.79
2026,7,Julho,Autos,Elétricos,6,LEAPMOTOR,552,2.15
2026,7,Julho,Autos,Híbridos,7,CAOA CHERY,1439,4.12
2026,7,Julho,Autos,Elétricos,7,MG,499,1.94
2026,7,Julho,Autos,Híbridos,8,GEELY,1236,3.54
2026,7,Julho,Autos,Elétricos,8,VOLVO,300,1.17
2026,7,Julho,Autos,Híbridos,9,JETOUR,997,2.85
2026,7,Julho,Autos,Elétricos,9,ZEEKR,69,0.27
2026,7,Julho,Autos,Híbridos,10,M.BENZ,624,1.78
2026,7,Julho,Autos,Elétricos,10,NETA,50,0.19
2026,7,Julho,Autos,Híbridos,11,LEAPMOTOR,554,1.58
2026,7,Julho,Autos,Elétricos,11,JAC,34,0.13
2026,7,Julho,Autos,Híbridos,12,DENZA,525,1.5
2026,7,Julho,Autos,Elétricos,12,MINI,30,0.12
2026,7,Julho,Autos,Híbridos,13,BMW,388,1.11
2026,7,Julho,Autos,Elétricos,13,TOYOTA,26,0.1
2026,7,Julho,Autos,Híbridos,14,VOLVO,338,0.97
2026,7,Julho,Autos,Elétricos,14,PORSCHE,24,0.09
2026,7,Julho,Autos,Híbridos,15,PEUGEOT,273,0.78
2026,7,Julho,Autos,Elétricos,15,SUZUKI,2,0.09
2026,7,Julho,Com. Leves,Elétricos,1,FEVER,42,52.5
2026,7,Julho,Com. Leves,Elétricos,1,FIAT,1268,81.75
2026,7,Julho,Com. Leves,Elétricos,2,FORD,188,12.12
2026,7,Julho,Com. Leves,Elétricos,3,FOTON,52,3.35
2026,7,Julho,Com. Leves,Elétricos,4,BYD,42,2.71
2026,7,Julho,Com. Leves,Elétricos,5,M.BENZ,1,0.06
2026,7,Julho,Com. Leves,Elétricos,7,FORD,1,1.25
2026,7,Julho,Caminhões,Elétricos,1,FOTON,3,20.0
2026,7,Julho,Caminhões,Elétricos,2,JAC,3,20.0
2026,7,Julho,Caminhões,Elétricos,3,BYD,2,13.33
2026,7,Julho,Caminhões,Elétricos,4,NANJING,2,13.33
2026,7,Julho,Caminhões,Elétricos,5,SANY,2,13.33
2026,7,Julho,Caminhões,Elétricos,6,VW TRUCK E BUS,2,13.33
2026,7,Julho,Caminhões,Elétricos,7,TESLA,1,6.67
2026,7,Julho,Ônibus,Elétricos,1,BYD,6,74.16
2026,7,Julho,Ônibus,Elétricos,2,INDUSCAR,20,22.47
2026,7,Julho,Ônibus,Elétricos,3,M.BENZ,3,3.37
2026,7,Julho,Motos,Elétricos,1,VMOTO,1198,76.55
2026,7,Julho,Motos,Elétricos,2,GCX,54,3.45
2026,7,Julho,Motos,Elétricos,3,LEVA,42,2.68
2026,7,Julho,Motos,Elétricos,4,MILETO,30,1.92
2026,7,Julho,Motos,Elétricos,5,MOTOCHEFE,29,1.85
2026,7,Julho,Motos,Elétricos,6,LUYUAN,24,1.53
2026,7,Julho,Motos,Elétricos,7,SHINERAY,24,1.53
2026,7,Julho,Motos,Elétricos,1,YAMAHA,2276,100.0
2026,7,Julho,Motos,Elétricos,9,WATTS,19,1.21
2026,7,Julho,Motos,Elétricos,10,SMARDA,15,0.96
2026,7,Julho,Motos,Elétricos,11,AIPAO,9,0.58
2026,7,Julho,Motos,Elétricos,12,FUSCO,9,0.58
2026,7,Julho,Motos,Elétricos,13,CHANGLI,8,0.51
2026,7,Julho,Motos,Elétricos,14,WUXI,7,0.45
2026,7,Julho,Motos,Elétricos,15,HORWIN,6,0.38
